timestamp,mid,cash,inventory,turnover,realized_pnl,mtm_pnl
1722470901998865,0.01105505,-33.258029588843605,3000.0,99.46794821911716,-33.258029588843605,-0.09287958884360137
1722471401954092,0.01108035,-33.250048712400826,3000.0,121.55526255239617,-33.250048712400826,-0.008998712400831721
1722471901956450,0.011007949999999999,-66.34642260309923,6000.0,154.65163644309456,-66.34642260309923,-0.29872260309923604
1722472401998316,0.01104165,-44.29060497480872,4000.0,220.68287044764742,-44.29060497480872,-0.12400497480872019
1722472901970235,0.01109895,-44.29060497480872,4000.0,220.68287044764742,-44.29060497480872,0.10519502519127855
1722473401973035,0.01107465,-55.33912005181377,5000.0,275.95242457837196,-55.33912005181377,0.0341299481862265
1722473901998135,0.01111645,-55.33912005181377,5000.0,275.95242457837196,-55.33912005181377,0.24312994818622968
1722474401993537,0.011096149999999999,-33.092418174494696,3000.0,320.4652561929993,-33.092418174494696,0.19603182550530107
1722474901971195,0.01101815,-44.16218593920022,4000.0,375.6523391913013,-44.16218593920022,-0.0895859392002194
1722475401975971,0.01098115,-33.11429268854739,3000.0,452.6616789714264,-33.11429268854739,-0.17084268854738838
1722475901961236,0.01100285,-22.05949935363139,2000.0,485.6679406054953,-22.05949935363139,-0.053799353631390545
1722476401958182,0.01100895,-32.84220712872593,3000.0,650.2285289355849,-32.84220712872593,0.18464287127407175
1722476901961653,0.01108795,33.48522330130508,-3000.0,805.2645597314502,33.48522330130508,0.2213733013050856
1722477401970795,0.01106365,11.4055823564364,-1000.0,871.6776366411174,11.4055823564364,0.3419323564364003
1722477901970966,0.01105475,11.464337851974538,-1000.0,938.0242158260659,11.464337851974538,0.4095878519745373
1722478401956349,0.01110075,-10.617436196107347,1000.0,982.286967367349,-10.617436196107347,0.48331380389265277
1722478901991310,0.01100055,33.434369221736546,-3000.0,1092.7439260561132,33.434369221736546,0.43271922173654787
1722479401986899,0.01100715,44.47892983927888,-4000.0,1169.76837393195,44.47892983927888,0.45032983927887216
1722479901972550,0.01104155,44.47892983927888,-4000.0,1169.76837393195,44.47892983927888,0.3127298392788731
1722480401983862,0.011000349999999999,33.45988681135664,-3000.0,1246.9844816084762,33.45988681135664,0.45883681135664034
1722480901996935,0.01102895,0.38994989206972086,0.0,1280.0544185277633,0.38994989206972086,0.38994989206972086
1722481401987945,0.010982249999999999,11.421201318718483,-1000.0,1313.071780401115,11.421201318718483,0.4389513187184839
1722481901967944,0.01093715,-87.03508434049664,8000.0,1455.1631329525515,-87.03508434049664,0.462115659503354
1722482402002918,0.01093995,-76.04626006313845,7000.0,1531.774588185386,-76.04626006313845,0.5333899368615533
1722482901964368,0.01101265,-65.10151000954875,6000.0,1542.7193382389755,-65.10151000954875,0.9743899904512574
1722483401966477,0.01099675,-87.10846898060902,8000.0,1608.8464029838965,-87.10846898060902,0.8655310193909713
1722483902000159,0.01098725,-87.10846898060902,8000.0,1608.8464029838965,-87.10846898060902,0.7895310193909921
1722484401996327,0.01098565,-98.083969330919,9000.0,1641.8313125278548,-98.083969330919,0.7868806690809862
1722484901979521,0.01092425,-98.08912273906635,9000.0,1663.7256466089727,-98.08912273906635,0.22912726093365166
1722485401992986,0.010955949999999999,-76.19190458831757,7000.0,1707.4604129989857,-76.19190458831757,0.4997454116824258
1722485901976787,0.01087975,-130.72591962888544,12000.0,1761.9944280395537,-130.72591962888544,-0.16891962888541912
1722486401964767,0.01067485,-14.34232186236747,1000.0,2310.161849615301,-14.34232186236747,-3.6674718623674707
1722486902002744,0.01066845,-142.2183142299238,13000.0,3267.5287069349756,-142.2183142299238,-3.5284642299237987
1722487401982563,0.010651250000000001,-184.716989117459,17000.0,3608.062723910297,-184.716989117459,-3.6457391174589873
1722487901965592,0.01051355,-29.854284401961525,2268.0,5085.8350990130575,-29.854284401961525,-6.009553001961525
1722488401998861,0.01048395,-100.78092163917304,9048.0,5492.529322163947,-100.78092163917304,-5.922142039173039
1722488901956824,0.01049755,4.01503723760575,-995.0,6242.924997665997,4.01503723760575,-6.43002501239425
1722489401964301,0.01056355,56.598096592348014,-5995.0,6421.880689303302,56.598096592348014,-6.730385657651986
1722489901991782,0.010588750000000001,109.45354624484442,-10995.0,6538.182125922457,109.45354624484442,-6.969760005155592
1722490401977772,0.01060735,141.30140504252472,-13995.0,6676.086951013596,141.30140504252472,-7.148458207475272
1722490901897353,0.01058625,173.1066843753642,-16995.0,6729.070597733672,173.1066843753642,-6.806634374635792
1722491401997546,0.01063945,236.91706796609958,-22995.0,6835.314211679116,236.91706796609958,-7.737084783900428
1722491902001214,0.01065585,236.92539154549692,-22995.0,6899.211774267497,236.92539154549692,-8.105879204503083
1722492401985123,0.01060765,183.7660811882405,-17995.0,6952.371084624754,183.7660811882405,-7.118580561759501
1722492901987785,0.01056285,88.74264802273524,-8995.0,7068.483049181213,88.74264802273524,-6.270187727264769
1722493401995069,0.01056815,46.66505121744861,-4995.0,7152.864419344714,46.66505121744861,-6.122858032551392
1722493902012106,0.01056525,46.67322305232406,-4995.0,7174.033176338679,46.67322305232406,-6.1002006976759375
1722494401967974,0.01057465,110.00027657199999,-10995.0,7279.534806721076,110.00027657199999,-6.268000178000008
1722494901983059,0.01059875,136.79775888613116,-13521.0,7316.365270817544,136.79775888613116,-6.507939863868842
1722495401997210,0.01052705,31.554607181958175,-3521.0,7484.76579588523,31.554607181958175,-5.511135868041826
1722495901999213,0.01049615,21.061885204075068,-2521.0,7704.954329368,21.061885204075068,-5.39890894592493
1722496401981215,0.01058785,0.07214424539049702,-521.0,7789.177516682453,0.07214424539049702,-5.444125604609503
1722496901983425,0.01056125,42.459955838542086,-4521.0,7873.860330497166,42.459955838542086,-5.287455411457913
1722497401984660,0.01054605,42.459955838542086,-4521.0,7873.860330497166,42.459955838542086,-5.218736211457909
1722497901956256,0.01055055,21.403294700810065,-2521.0,7915.997055466484,21.403294700810065,-5.194641849189935
1722498401991630,0.01055335,53.052316803418705,-5521.0,7989.818802924348,53.052316803418705,-5.212728546581289
1722498901998720,0.010525050000000001,53.07624199176299,-5521.0,8053.215153182698,53.07624199176299,-5.0325590582370126
1722499403952777,0.01053485,53.10716653256184,-5521.0,8158.453830352934,53.10716653256184,-5.055740317438158
1722499903972707,0.010527149999999999,63.64013986889315,-6521.0,8190.050819524243,63.64013986889315,-5.007405281106848
1722500403979272,0.01053105,73.69579249694303,-7473.0,8221.17025147332,73.69579249694303,-5.002744153056966
1722500903978144,0.01054515,42.113508628026864,-4473.0,8337.064317993409,42.113508628026864,-5.054947321973138
1722501403992296,0.01059175,105.51604934708399,-10473.0,8400.466858712465,105.51604934708399,-5.411348402916019
1722501903962815,0.01057595,116.11815895624792,-11473.0,8432.25751500238,116.11815895624792,-5.219715393752082
1722502403989372,0.010591050000000001,126.69453613534472,-12473.0,8442.833892181477,126.69453613534472,-5.407630514655295
1722502903992376,0.01059275,105.51183975231196,-10473.0,8485.204990776178,105.51183975231196,-5.426030997688045
1722503404482723,0.01060055,105.51183975231196,-10473.0,8485.204990776178,105.51183975231196,-5.507720397688047
1722503904497538,0.01061585,158.64666732324784,-15473.0,8580.771792482621,158.64666732324784,-5.6123797267521525
1722504404962093,0.01059455,169.2844242667127,-16473.0,8633.828002769133,169.2844242667127,-5.239597883287274
1722504904972909,0.01057185,164.29882544971892,-15999.0,8744.67902735671,164.29882544971892,-4.840202700281083
1722505404989796,0.01055815,185.4926297320854,-17999.0,8786.992273036907,185.4926297320854,-4.5435121179146165
1722505904964486,0.01053005,196.07446123334648,-18999.0,8839.701491186088,196.07446123334648,-3.9859587166534993
1722506404979165,0.010527749999999999,206.6020287972186,-19999.0,8850.22905874996,206.6020287972186,-3.94244345278139
1722506904954602,0.01053115,217.16113293531612,-20999.0,8902.843635463229,217.16113293531612,-3.9824859146838776
1722507404962022,0.01055625,206.62810149393806,-19999.0,8934.472066769695,206.62810149393806,-4.486342256061931
1722507904993950,0.010543750000000001,201.22693394528227,-19486.0,8971.198813260435,201.22693394528227,-4.228578554717757
1722508404952992,0.01056275,190.66643575196832,-18486.0,8981.75931145375,190.66643575196832,-4.5965607480316635
1722508904952716,0.01056275,211.82231741142994,-20486.0,9002.915193113211,211.82231741142994,-4.566179088570038
1722509404980635,0.01058585,264.8847620722076,-25503.0,9140.553060771254,264.8847620722076,-5.08617047779245
1722509904955615,0.01058775,254.30325520503047,-24503.0,9151.13456763843,254.30325520503047,-5.1283830449695245
1722510404981921,0.010545849999999999,243.72121337789798,-23503.0,9246.136594560807,243.72121337789798,-4.1378991721019815
1722510904975853,0.010513950000000001,201.65016597448255,-19503.0,9288.207641964222,201.65016597448255,-3.4034008755174625
1722511404973093,0.01051175,159.76544304359092,-15503.0,9393.15989517659,159.76544304359092,-3.1982172064090832
1722511905002277,0.01046655,44.43344414828202,-4503.0,9508.491894071898,44.43344414828202,-2.6974305017179816
1722512404981991,0.01041775,-80.91050661083749,7497.0,9654.687524884845,-80.91050661083749,-2.8086348608374863
1722512904976503,0.01047455,-122.38519375426043,11497.0,9800.423373389802,-122.38519375426043,-1.959292404260438
1722513404982633,0.01048695,-111.90129837705963,10497.0,9873.794430009733,-111.90129837705963,-1.8197842270596283
1722513904981435,0.01050065,-80.61767460738822,7497.0,9988.747097882755,-80.61767460738822,-1.8943015573882178
1722514404996752,0.01052385,3.26235972731783,-503.0,10198.612943232329,3.26235972731783,-2.0311368226821696
1722514904978436,0.01061175,180.22446763933775,-17203.0,10721.802171021804,180.22446763933775,-2.329467610662249
1722515404961039,0.01056065,159.0626816321964,-15203.0,10912.015544887872,159.0626816321964,-1.490880317803601
1722515904994926,0.01061395,169.60710871136118,-16203.0,11070.772509326453,169.60710871136118,-2.370723138638823
1722516404995623,0.01058665,190.8710805877198,-18203.0,11134.413742464794,190.8710805877198,-1.8377093622801794
1722516904972385,0.01063495,201.50319772064972,-19203.0,11187.47847164902,201.50319772064972,-2.7197471293502815
1722517404977809,0.01063895,254.77808014568978,-24203.0,11240.75335407406,254.77808014568978,-2.7164267043102086
1722517904956138,0.01057315,255.3198355217543,-24258.0,11346.158089187655,255.3198355217543,-1.1636371782456933
1722518404976185,0.01054395,255.4379806350887,-24267.0,11451.56690893033,255.4379806350887,-0.43205401491130146
1722518904998579,0.010520950000000001,270.96694677622105,-25744.0,11572.312917951836,270.96694677622105,0.11560997622103741
1722519404953539,0.01040125,124.46170469373475,-11744.0,11823.629144833929,124.46170469373475,2.3094246937347407
1722519904973296,0.01046365,31.10995138547407,-2744.0,12083.537231999566,31.10995138547407,2.3976957854740704
1722520404969024,0.010443049999999999,-41.77166108779247,4256.0,12240.156606616796,-41.77166108779247,2.6739597122075267
1722520904971078,0.01043405,-49.98442663291067,5054.0,12436.46012053269,-49.98442663291067,2.749262067089333
1722521404979827,0.01040515,-112.2994339852923,11054.0,12519.686121960836,-112.2994339852923,2.7190941147077012
1722521904984499,0.010391049999999999,-117.31216802889118,11536.0,12649.4994277255,-117.31216802889118,2.558984771108811
1722522405008330,0.01031485,-151.35203453748485,14829.0,12921.235754211099,-151.35203453748485,1.6068761125151525
1722522904976878,0.01020295,-110.93463127237277,10821.0,14044.25945721172,-110.93463127237277,-0.5285093223727699
1722523404966866,0.01017475,-69.90262154533858,6821.0,14248.67568778737,-69.90262154533858,-0.5006517953385838
1722523904962119,0.01007985,-79.8768909730648,7821.0,14945.714839758133,-79.8768909730648,-1.0423841230648065
1722524404979640,0.01001105,4.894809747654774,-597.0,15312.415858842294,4.894809747654774,-1.081787102345226
1722524904995827,0.01003145,9.423804962125542,-1003.0,17752.20945269241,9.423804962125542,-0.6377393878744577
1722525404987166,0.01009815,82.27773801263078,-8231.0,18311.66201544118,82.27773801263078,-0.8401346373692178
1722525904995771,0.010148850000000001,-39.46332552794006,3818.0,19583.03797586829,-39.46332552794006,-0.7150162279400547
1722526404969809,0.01018005,82.40304668572125,-8182.0,20313.331880538004,82.40304668572125,-0.8901224142787498
1722526904997523,0.01018875,106.92372821959015,-10590.0,21063.754562610124,106.92372821959015,-0.9751342804098471
1722527404962037,0.01016135,117.21590413114723,-11590.0,21541.518919906288,117.21590413114723,-0.5541423688527658
1722527905012242,0.01015855,178.66042256703219,-17621.0,21775.528065102484,178.66042256703219,-0.34338698296781445
1722528406980883,0.010183850000000001,67.40171148326112,-6526.0,23382.37247489242,67.40171148326112,0.941906383261113
1722528906983915,0.01008475,-9.671574673570673,1088.0,23953.988665996883,-9.671574673570673,1.3006333264293275
1722529406989677,0.01006595,-24.770280832875184,2587.0,24632.584549085102,-24.770280832875184,1.2703318171248164
1722529906988491,0.010006049999999999,35.449303157332864,-3413.0,25733.670223988483,35.449303157332864,1.29865450733287
1722530406999564,0.00990835,-54.32301349102115,5587.0,27173.506709729525,-54.32301349102115,1.0349379589788512
1722530906984809,0.01005265,-44.47838411797717,4587.0,27783.487012522473,-44.47838411797717,1.6331214320228256
1722531406995667,0.01002315,-34.303840037634245,3587.0,28095.353969131993,-34.303840037634245,1.6491990123657558
1722531906983004,0.00995095,-54.33482963051245,5587.0,28474.657407342434,-54.33482963051245,1.2611280194875505
1722532406991050,0.00995435,-44.23878236492851,4587.0,28963.990958447775,-44.23878236492851,1.4218210850714925
1722532906961982,0.01001465,-4.373686329105711,587.0,29143.73047254081,-4.373686329105711,1.5049132208942888
1722533406970516,0.00998775,-44.23448843699436,4587.0,29303.425714312798,-44.23448843699436,1.579320813005637
1722533907000900,0.00999895,55.768143767132585,-5413.0,29523.548091728746,55.768143767132585,1.6438274171325844
1722534406978069,0.00996565,6.041524077871921,-413.0,29752.337640050275,6.041524077871921,1.9257106278719212
1722534906983712,0.01002215,166.31861163152584,-16413.0,30232.899871954283,166.31861163152584,1.825063681525819
1722535406976514,0.010025550000000001,226.54738306884926,-22413.0,30413.564413733428,226.54738306884926,1.8447309188492227
1722535906971514,0.00981625,17.787707671366753,-1206.0,32034.869847038895,17.787707671366753,5.949310171366752
1722536406965553,0.00998915,45.58018155376282,-3874.0,33735.03754737023,45.58018155376282,6.8822144537628205
1722536906967845,0.00999585,49.178987773876926,-4215.0,34390.49081040645,49.178987773876926,7.046480023876924
1722537406973093,0.00989545,1.7489380688628398,595.0,34907.81008977676,1.7489380688628398,7.63673081886284
1722537906966602,0.00982425,-43.08400439223804,5144.0,35295.87698777716,-43.08400439223804,7.4519376077619555
1722538406991328,0.00985645,35.67657848761838,-2856.0,35787.81469982018,35.67657848761838,7.526557287618381
1722538906985464,0.009907550000000001,15.829063596874896,-856.0,35965.92584661974,15.829063596874896,7.348200796874895
1722539406988424,0.009935349999999999,20.85540514618259,-1359.0,36149.64204719454,20.85540514618259,7.353264496182591
1722539906994226,0.009944950000000001,13.72519368528431,-641.0,36335.438556290916,13.72519368528431,7.350480735284309
1722540406898886,0.01000095,53.6063196230024,-4641.0,36535.040617652325,53.6063196230024,7.191910673002397
1722540906998359,0.00998335,77.14558809081348,-6992.0,36718.690880052505,77.14558809081348,7.34200489081347
1722541406984827,0.00997485,117.1434491440709,-10992.0,36778.718183291814,117.1434491440709,7.499897944070895
1722541906990856,0.01003895,147.22860214943793,-13992.0,36828.825378801586,147.22860214943793,6.763613749437951
1722542406995824,0.01003095,177.39819915650233,-16992.0,36919.18655171909,177.39819915650233,6.952296756502335
1722542906966298,0.01006035,157.36933086672875,-14992.0,37099.92101312558,157.36933086672875,6.544563666728749
1722543407001494,0.01010275,248.2838831541323,-23992.0,37251.40815323471,248.2838831541323,5.898705154132273
1722543906962643,0.01006345,265.3361472640201,-25679.0,37429.71413436583,265.3361472640201,6.91681471402012
1722544406981718,0.010085150000000001,215.1371368033037,-20679.0,37701.290423674836,215.1371368033037,6.586319953303672
1722544906919437,0.01020365,163.70596144748473,-15679.0,38261.2083289193,163.70596144748473,3.722933097484713
1722545406973377,0.01028395,245.46671157354226,-23679.0,38671.09504828367,245.46671157354226,1.9530595235422652
1722545906959657,0.01031575,255.64338805193253,-24679.0,39154.820764110504,255.64338805193253,1.0609938019325398
1722546406961851,0.01035325,218.99038285853155,-21134.0,39460.206648239306,218.99038285853155,0.18479735853156853
1722546906953568,0.01031845,177.62657872996422,-17134.0,39687.85796410776,177.62657872996422,0.830256429964237
1722547406969396,0.01029995,2.72202037317947,-134.0,39945.04127710599,2.72202037317947,1.3418270731794701
1722547906948193,0.010389550000000001,96.15160967263144,-9134.0,40100.80120555371,96.15160967263144,1.2534599726314326
1722548407000383,0.010446549999999999,242.07804132910422,-23134.0,40288.54359796279,242.07804132910422,0.40755362910425674
1722548907000036,0.01047295,231.53237074366598,-22134.0,40424.9722235683,231.53237074366598,-0.27590455633401234
1722549406987292,0.01040745,169.34897025324258,-16134.0,40549.903571297626,169.34897025324258,1.4351719532425875
1722549906986589,0.01043085,133.09866431395267,-12652.0,40711.021828921184,133.09866431395267,1.1275501139526511
1722550406976137,0.01050065,258.74261660792473,-24652.0,40941.64181829313,258.74261660792473,-0.11940719207530037
1722550906991507,0.01055845,195.47869931842354,-18652.0,41152.17814659716,195.47869931842354,-1.4575100815764586
1722551406955966,0.01059095,216.60893459440254,-20652.0,41342.89971375528,216.60893459440254,-2.1153648055974656
1722551906969771,0.010579100000000001,132.61504646336212,-12704.0,41511.494834879166,132.61504646336212,-1.7818399366378799
1722552406950494,0.010561850000000001,111.5582110199071,-10704.0,41574.82558198372,111.5582110199071,-1.495831380092909
1722552906992121,0.01053805,79.91680004036648,-7704.0,41606.466992963266,79.91680004036648,-1.2683371596335178
1722553406963660,0.01056725,48.37891838513313,-4704.0,41680.308716419655,48.37891838513313,-1.3294256148668708
1722553906965792,0.01051005,27.42854755066864,-2704.0,41807.04976654907,27.42854755066864,-0.9906276493313619
1722554406975208,0.01046905,-67.01844646920216,6296.0,41901.49676056894,-67.01844646920216,-1.105307669202162
1722554906969688,0.01046675,-67.01844646920216,6296.0,41901.49676056894,-67.01844646920216,-1.1197884692021631
1722555406953614,0.01049695,-108.83557957194287,10296.0,41943.31389367168,-108.83557957194287,-0.7589823719428779
1722555906965301,0.01055735,-56.07514691369368,5296.0,41996.07432632993,-56.07514691369368,-0.16342131369368218
1722556406967704,0.01059455,-3.130570848556241,296.0,42070.1983377312,-3.130570848556241,0.0054159514437590595
1722556907470304,0.01052395,-84.54529094939826,8012.0,42319.98848283078,-84.54529094939826,-0.2274035493982609
1722557407460277,0.01053195,-116.11401152651106,11012.0,42351.55720340789,-116.11401152651106,-0.1361781265110693
1722557907493353,0.01058955,-116.1287487404445,11012.0,42414.996851831405,-116.1287487404445,0.4833758595555082
1722558407480951,0.010511949999999999,-137.18128951641765,13012.0,42478.21919876406,-137.18128951641765,-0.39979611641766155
1722558907482346,0.010504349999999999,-158.1016114024054,15012.0,42541.123642890016,-158.1016114024054,-0.4103092024054149
1722559407502474,0.01053545,-189.6777273264179,18012.0,42614.83588678737,-189.6777273264179,0.08679807358208791
1722559907478667,0.01050825,-263.2855532756936,25012.0,42709.504464221354,-263.2855532756936,-0.45320427569356525
1722560407465137,0.01043665,-263.2930982823288,25012.0,42772.24284036608,-263.2930982823288,-2.251608482328777
1722560907486928,0.01045105,-273.7455436193873,26012.0,42824.431947884696,-273.7455436193873,-1.8928310193873017
1722561407455059,0.010453549999999999,-221.555467478075,21012.0,42918.302689378696,-221.555467478075,-1.9054748780750117
1722561907482532,0.01042335,-231.9818832511514,22012.0,42949.62595520804,-231.9818832511514,-2.5431030511514052
1722562407471551,0.01038025,-252.8106036860965,24012.0,43032.73680034383,-252.8106036860965,-3.560040686096471
1722562907447359,0.010402149999999999,-221.61724912377161,21012.0,43084.77058320035,-221.61724912377161,-3.047273323771634
1722563407475412,0.01044395,-200.77116127185636,19012.0,43126.50507730176,-200.77116127185636,-2.2107838718563357
1722563907476682,0.01038505,-200.77116127185636,19012.0,43126.50507730176,-200.77116127185636,-3.3305906718563563
1722564407494990,0.01040715,-211.14724732202382,20012.0,43136.88116335192,-211.14724732202382,-2.8793615220237996
1722564907455778,0.01036355,-231.87434368828104,22012.0,43178.45203867568,-231.87434368828104,-3.751881088281067
1722565407470675,0.01024605,-252.4893171791003,24012.0,43322.3915381365,-252.4893171791003,-6.461164579100313
1722565907456947,0.01015705,-255.20626450888994,24274.0,43539.488687995996,-255.20626450888994,-8.654032808889923
1722566407496477,0.01019855,-234.77640712264886,22274.0,43641.15007555028,-234.77640712264886,-7.613904422648858
1722566907486799,0.01026795,-181.75094749884943,17103.0,43813.39581567339,-181.75094749884943,-6.138198648849425
1722567407990003,0.01024215,-120.34496408970456,11103.0,43895.23962538752,-120.34496408970456,-6.626372639704556
1722567907980229,0.010237050000000001,-120.35390327753447,11103.0,43915.72561969496,-120.35390327753447,-6.691937127534459
1722568407956908,0.01026785,-110.09526916193875,10103.0,43967.1340734962,-110.09526916193875,-6.35918061193874
1722568907978097,0.01031085,-99.88107548436784,9103.0,43997.89396874701,-99.88107548436784,-6.0214079343678435
1722569407945641,0.010305749999999999,-68.92998745218077,6103.0,44028.8450567792,-68.92998745218077,-6.033995202180776
1722569907953296,0.01027235,3.31057669405822,-897.0,44101.08562092544,3.31057669405822,-5.903721255941779
1722570407962570,0.010276750000000001,3.3308151122691068,-897.0,44142.17732503039,3.3308151122691068,-5.887429637730893
1722570907959128,0.01030695,23.923400198660065,-2897.0,44183.342336925416,23.923400198660065,-5.935833951339937
1722571407984817,0.010261349999999999,54.88640543430193,-5897.0,44214.30534216105,54.88640543430193,-5.624775515698069
1722571907954023,0.01022845,24.258319450205,-2897.0,44306.58899847703,24.258319450205,-5.373500199795
1722572407976701,0.01024595,44.74117033283011,-4897.0,44327.07184935966,44.74117033283011,-5.433246817169895
1722572907957313,0.01026115,24.26073272145132,-2897.0,44368.07869755505,24.26073272145132,-5.465818828548681
1722573407960570,0.01023485,3.7889041585819268,-897.0,44409.05429337289,3.7889041585819268,-5.391756291418073
1722573907958274,0.01025585,-16.71709336307626,1103.0,44450.068426489175,-16.71709336307626,-5.404890813076259
1722574407987084,0.01023255,-47.486487030413166,4103.0,44501.279923625545,-47.486487030413166,-5.502334380413167
1722574907988410,0.01024735,-37.232469996957526,3103.0,44532.035768401,-37.232469996957526,-5.4349429469575234
1722575407954142,0.010214250000000001,-37.2090323684025,3103.0,44572.9305234122,-37.2090323684025,-5.5142146184024945
1722575907951651,0.01016305,-37.2090323684025,3103.0,44572.9305234122,-37.2090323684025,-5.673088218402498
1722576407998504,0.01020565,-57.55484776149035,5103.0,44634.021838517634,-57.55484776149035,-5.47541581149035
1722576907958386,0.01017785,-47.35034418972392,4103.0,44664.605001490665,-47.35034418972392,-5.590625639723918
1722577407965908,0.010144150000000001,-67.60754771206727,6103.0,44684.86220501301,-67.60754771206727,-5.697800262067268
1722577907971258,0.010101249999999999,-108.27939229399531,10103.0,44826.422892139664,-108.27939229399531,-6.226463543995322
1722578407980959,0.01009665,-138.50531890469807,13103.0,44897.03122506455,-138.50531890469807,-6.208913954698062
1722578907998553,0.01007275,-128.40466378425833,12103.0,45008.0003930021,-128.40466378425833,-6.4941705342583305
1722579407981771,0.01002685,-138.38371173520676,13103.0,45118.35524982746,-138.38371173520676,-7.0018961852067605
1722579907973214,0.00997315,-178.29884003856722,17103.0,45337.9348952163,-178.29884003856722,-7.72805558856723
1722580407973248,0.00994575,-143.83350566889897,13607.0,45580.71940733012,-143.83350566889897,-8.501685418898973
1722580908002020,0.010016549999999999,-113.87378428448963,10607.0,45710.68894328052,-113.87378428448963,-7.628238434489646
1722581407989688,0.01005975,-123.81141345072294,11607.0,45901.524263026164,-123.81141345072294,-7.047895200722948
1722581907964244,0.01009415,-63.30171545603875,5607.0,45962.03396102084,-63.30171545603875,-6.703816406038754
1722582407971481,0.009984650000000001,-53.22478799476638,4607.0,46152.81112884906,-53.22478799476638,-7.225505444766377
1722582907921632,0.00998255,-83.28599521981232,7607.0,46242.85451236131,-83.28599521981232,-7.348737369812326
1722583408002663,0.00999675,-83.25389709505791,7607.0,46382.472374148434,-83.25389709505791,-7.20861984505791
1722583907982002,0.00997265,-93.26099529395432,8607.0,46452.44872130439,-93.26099529395432,-7.426396743954328
1722584407984369,0.01001085,-73.31242175177343,6607.0,46592.19141499846,-73.31242175177343,-7.170735801773432
1722584907986132,0.010002549999999999,6.993234401194551,-1393.0,46732.68728839981,6.993234401194551,-6.940317748805448
1722585407954040,0.0100174,6.992737577302821,-1393.0,46752.71229531669,6.992737577302821,-6.961500622697178
1722585909957759,0.009993450000000001,-33.0347267711215,2607.0,46832.8073259226,-33.0347267711215,-6.981802621121496
1722586409990956,0.00996845,-48.026227214759594,4108.0,46867.80243452181,-48.026227214759594,-7.075834614759593
1722586909979808,0.00991645,-67.83258115810054,6108.0,47026.66390737732,-67.83258115810054,-7.262904558100537
1722587409973589,0.01001895,-57.91299748207767,5108.0,47116.02964966951,-57.91299748207767,-6.736200882077668
1722587909988181,0.01005175,2.3211140843879097,-892.0,47216.40790726625,2.3211140843879097,-6.64504691561209
1722588409996783,0.01005155,2.3176069721359625,-892.0,47276.652427650166,2.3176069721359625,-6.648375627864038
1722588909762245,0.01006665,22.408165849023547,-2892.0,47296.74298652705,22.408165849023547,-6.704585950976451
1722589409976103,0.010068549999999999,42.605970775159804,-4892.0,47377.4453439836,42.605970775159804,-6.649375824840192
1722589909988907,0.01009915,103.37901207443248,-10892.0,47478.62691798954,103.37901207443248,-6.620929725567507
1722590409954463,0.01011475,123.59404180697041,-12892.0,47599.69382745957,123.59404180697041,-6.8053151930296
1722590909975459,0.01009695,103.40698314109811,-10892.0,47660.31560879262,103.40698314109811,-6.56899625890189
1722591409966091,0.01011375,143.93214194708779,-14892.0,47741.297424904944,143.93214194708779,-6.681823052912193
1722591909954316,0.01019075,255.76826088837583,-25892.0,47914.20447634592,255.76826088837583,-8.090638111624173
1722592409980603,0.01016265,255.73249889451958,-25892.0,47995.68534706582,255.73249889451958,-7.398834905480413
1722592909979625,0.010166350000000001,245.57950735284837,-24892.0,48066.791338764924,245.57950735284837,-7.481276847151662
1722593409956190,0.01011225,245.5856010311507,-24892.0,48188.61949923001,245.5856010311507,-6.128525968849289
1722593909981345,0.01014195,235.47551952083313,-23892.0,48259.678948638444,235.47551952083313,-6.835949879166861
1722594409994871,0.010200299999999999,204.95617543771763,-20892.0,48310.576508604194,204.95617543771763,-8.148492162282338
1722594909997409,0.010155850000000001,174.43088183510542,-17892.0,48361.42085884472,174.43088183510542,-7.277586364894603
1722595409961497,0.01019035,235.29757751596796,-23878.0,48442.59065297283,235.29757751596796,-8.027599784032049
1722595909994103,0.01024415,235.24600719475362,-23878.0,48544.697326006586,235.24600719475362,-9.363806505246401
1722596409955812,0.01026355,235.23445210351443,-23878.0,48667.8291353713,235.23445210351443,-9.838594796485552
1722596909960505,0.010209949999999999,214.76408692620097,-21878.0,48749.81757231452,214.76408692620097,-8.609199173798999
1722597409964648,0.01019545,214.77794428695034,-21878.0,48811.04220166489,214.77794428695034,-8.278110813049665
1722597909981517,0.01023595,225.01084385195495,-22878.0,48841.75882569234,225.01084385195495,-9.167220248045055
1722598409962310,0.010189750000000001,214.79828234758756,-21878.0,48892.85637404129,214.79828234758756,-8.133068152412449
1722598909988743,0.010166350000000001,133.4344474420599,-13878.0,48994.55046655031,133.4344474420599,-7.654157857940106
1722599409962876,0.01018035,113.14658604636867,-11878.0,49055.41545201275,113.14658604636867,-7.775611253631325
1722599909959287,0.01016805,123.46187598898435,-12878.0,49147.11184343463,123.46187598898435,-7.482271911015644
1722600409959656,0.01016915,82.78247247092438,-8878.0,49228.56240587686,82.78247247092438,-7.499241229075622
1722600909993669,0.01015425,52.27893673729502,-5878.0,49299.75898977046,52.27893673729502,-7.407744762704979
1722601409987972,0.01009445,-68.98107879389765,6122.0,49461.455940229665,-68.98107879389765,-7.182855893897653
1722601909965933,0.010150949999999999,11.782704267202398,-1878.0,50671.45112694877,11.782704267202398,-7.280779832797599
1722602409953994,0.01017405,32.52124106904281,-3878.0,51912.54786902169,32.52124106904281,-6.933724830957196
1722602909952110,0.01013555,73.2263230271629,-7890.0,52115.4501968297,73.2263230271629,-6.743166472837089
1722603409979984,0.01022475,134.55743401987257,-13890.0,52544.86352867507,134.55743401987257,-7.464343480127411
1722603910012020,0.01025065,242.46533744627453,-24401.0,52868.31281641178,242.46533744627453,-7.660773203725455
1722604409967247,0.010227449999999999,194.92583177767432,-19728.0,53075.38103736492,194.92583177767432,-6.841301822325676
1722604909979068,0.010269750000000001,230.94816946126505,-23239.0,53244.40125604916,230.94816946126505,-7.710550788734963
1722605409965883,0.01021565,220.8591091661021,-22239.0,53438.74226520561,220.8591091661021,-6.32673118389792
1722605909954281,0.01032005,127.26003899862911,-13239.0,54049.43544834343,127.26003899862911,-9.367102951370896
1722606409994608,0.01053495,143.07421910786357,-14826.0,55304.29279717882,143.07421910786357,-13.116949592136422
1722606909973697,0.01042815,76.78809010959618,-8474.0,55979.1207090514,76.78809010959618,-11.580052990403829
1722607409981690,0.010375849999999999,-68.52245389952148,5488.0,56457.03326023277,-68.52245389952148,-11.579789099521484
1722607909977968,0.01020975,-202.43953615202875,18544.0,56745.24965528747,-202.43953615202875,-13.109932152028762
1722608409975688,0.01025805,-94.40744125796826,7999.0,57200.89012923374,-94.40744125796826,-12.353299307968257
1722608909990674,0.01025255,-58.52865522360229,4488.0,57390.090916203255,-58.52865522360229,-12.515210823602295
1722609409972125,0.010120649999999998,-109.01607432105507,9488.0,57828.86975824854,-109.01607432105507,-12.991347121055085
1722609909995063,0.00999705,-243.81240551575718,22911.0,58749.425815577924,-243.81240551575718,-14.769992965757183
1722610409973891,0.00987295,-97.57958114451651,8216.0,60179.50487849774,-97.57958114451651,-16.463423944516506
1722610909957529,0.00982355,-19.01989310547075,248.0,62065.04907830884,-19.01989310547075,-16.58365270547075
1722611409960977,0.00961785,-1.1058502685631408,-1640.0,64890.8619173355,-1.1058502685631408,-16.879124268563142
1722611909954912,0.00962065,37.393337790703654,-5645.0,66726.33926217463,37.393337790703654,-16.915231459296344
1722612409984734,0.00958805,12.349145901133166,-2974.0,68230.57022033766,12.349145901133166,-16.165714798866837
1722612909985627,0.00967745,21.661523336582494,-3928.0,69414.608836719,21.661523336582494,-16.35150026341751
1722613409995732,0.00972985,-7.325036113138485,-909.0,70551.32246351284,-7.325036113138485,-16.169469763138483
1722613909953756,0.00976925,7.193735580961744,-2396.0,71258.82495812005,7.193735580961744,-16.21338741903826
1722614411495420,0.0097812,12.056283195563369,-2884.0,71743.68221456351,12.056283195563369,-16.152697604436632
1722614911467861,0.00979275,-9.693996556550168,-682.0,72598.68728324896,-9.693996556550168,-16.372652056550166
1722615411461794,0.009788149999999999,9.969643131787382,-2682.0,73146.62594146669,9.969643131787382,-16.282175168212614
1722615911486701,0.00977795,-68.3742326625516,5318.0,73774.15372052243,-68.3742326625516,-16.375094562551602
1722616411462128,0.00975055,-136.78551866042451,12349.0,74504.07866107229,-136.78551866042451,-16.37597671042451
1722616911462915,0.009847950000000001,-12.03612075565457,-372.0,75195.091712951,-12.03612075565457,-15.699558155654572
1722617411477202,0.00986085,56.796565111545114,-7372.0,75520.35446656088,56.796565111545114,-15.89762108845489
1722617911479300,0.009851249999999999,145.55411578958928,-16372.0,75786.19471636022,145.55411578958928,-15.730549210410715
1722618411479534,0.009846899999999999,32.303490077488924,-4863.0,76017.50115292707,32.303490077488924,-15.581984622511072
1722618911485126,0.00994035,32.656225404304216,-4863.0,76334.49552123267,32.656225404304216,-15.68369664569579
1722619411493681,0.00987315,52.47135062512952,-6863.0,76631.40301923935,52.47135062512952,-15.288077824870484
1722619911452325,0.0098943,22.947995543635397,-3863.0,76818.70619285131,22.947995543635397,-15.273685356364606
1722620411465801,0.00990915,13.143669204058197,-2863.0,76986.76503499638,13.143669204058197,-15.226227245941805
1722620911484892,0.00985385,-54.32248300922211,3973.0,77133.17717434376,-54.32248300922211,-15.173136959222106
1722621411465824,0.00978485,-122.75806826454314,10973.0,77339.07279873588,-122.75806826454314,-15.388909214543148
1722621911491077,0.009760350000000001,-161.7104746001673,14973.0,77514.68005266448,-161.7104746001673,-15.568754050167286
1722622411496109,0.009764749999999999,-239.58681813113031,22973.0,77690.1990912921,-239.58681813113031,-15.261216381130339
1722622911504081,0.00979975,-180.75522958756042,16973.0,77924.80859096574,-180.75522958756042,-14.42407283756043
1722623411459581,0.00976045,-170.912352944399,15973.0,78032.48293382929,-170.912352944399,-15.008685094398999
1722623911471089,0.00972105,-131.79718076142092,11973.0,78188.76333115004,-131.79718076142092,-15.407049111420918
1722624411480498,0.00972945,-141.3743188914293,12973.0,78392.89035940068,-141.3743188914293,-15.154164041429297
1722624911480697,0.00970165,-122.14647487047043,10973.0,78605.72694203854,-122.14647487047043,-15.690269420470443
1722625411479744,0.009668949999999999,-44.68302655811417,2973.0,78818.63752522953,-44.68302655811417,-15.937238208114174
1722625911501673,0.00965445,-63.85214925201147,4973.0,79107.91612143554,-63.85214925201147,-15.840569402011468
1722626411472280,0.00968035,-57.69392170903309,4349.0,79268.94692821603,-57.69392170903309,-15.59407955903309
1722626911470960,0.009622450000000001,-48.0016388289378,3349.0,79490.93108421339,-48.0016388289378,-15.776053778937793
1722627411490748,0.00959115,-55.06754487743633,4089.0,79709.48120511146,-55.06754487743633,-15.849332527436331
1722627911469036,0.00959805,-179.32779302170744,17076.0,80005.87430191525,-179.32779302170744,-15.431491221707432
1722628411487930,0.00965775,-201.34045415766352,19390.0,80268.88268859377,-201.34045415766352,-14.076681657663528
1722628911487171,0.00974385,-94.53409291247405,8390.0,80530.67314550087,-94.53409291247405,-12.783191412474054
1722629411467313,0.009777649999999999,61.84152741838868,-7610.0,80882.45714141555,61.84152741838868,-12.566389081611305
1722629911467165,0.009755650000000001,91.07340064483371,-10610.0,81067.65527813995,91.07340064483371,-12.434045855166303
1722630411478943,0.00964655,81.52533986895897,-9610.0,81232.92713595541,81.52533986895897,-11.178005631041032
1722630911464540,0.00969965,8.826479881436775,-2082.0,81924.63469564282,8.826479881436775,-11.368191418563224
1722631411468899,0.00972305,-10.499170762719551,-82.0,82138.26506825718,-10.499170762719551,-11.29646086271955
1722631911478064,0.00973495,-20.24618535231801,918.0,82245.40105772676,-20.24618535231801,-11.309501252318013
1722632411479753,0.00970455,8.992914117740277,-2082.0,82352.39305987659,8.992914117740277,-11.21195898225972
1722632911462823,0.00960805,-5.081814542392717,-602.0,82666.67556702772,-5.081814542392717,-10.865860642392718
1722633411492956,0.009435800000000001,-14.082177798226105,234.0,83748.56488786469,-14.082177798226105,-11.874200598226105
1722633911459814,0.00946195,-32.79924332244926,2234.0,84409.49770977249,-32.79924332244926,-11.661247022449256
1722634411453187,0.00932105,-155.55922274252663,15234.0,85406.05717436441,-155.55922274252663,-13.562347042526625
1722634911476223,0.00947765,-51.93133981893922,4234.0,85773.05099977892,-51.93133981893922,-11.802969718939217
1722635411476450,0.009459249999999999,-108.79298984846893,10234.0,85886.88450191155,-108.79298984846893,-11.987025348468947
1722635911466570,0.00946535,-61.400535733465674,5234.0,86010.16823503815,-61.400535733465674,-11.858893833465672
1722636411498787,0.00938495,-70.82338570884896,6234.0,86377.55332488134,-70.82338570884896,-12.317607408848964
1722636911466808,0.00942415,-89.67484726443277,8234.0,86547.37681193635,-89.67484726443277,-12.07639616443278
1722637411456420,0.00935895,-140.74017595750115,13696.0,87019.841562087,-140.74017595750115,-12.559996757501153
1722637911490670,0.00941315,-41.700479139514634,3160.0,87250.54730803691,-41.700479139514634,-11.954925139514632
1722638411453105,0.00935995,-88.60909485221367,8160.0,87447.77320906296,-88.60909485221367,-12.231902852213665
1722638911475545,0.00929605,-88.94048622745947,8160.0,87783.17891760838,-88.94048622745947,-13.084718227459476
1722639411478866,0.00934805,-102.50355170146163,9610.0,87918.74343969139,-102.50355170146163,-12.66879120146163
1722639911480884,0.00935535,-130.44697424149086,12610.0,88059.3924826722,-130.44697424149086,-12.476010741490867
1722640411487703,0.00939625,-116.73818719126716,11145.0,88195.61880836284,-116.73818719126716,-12.016980941267164
1722640911487290,0.00938875,-22.79138248421979,1145.0,88421.27775557153,-22.79138248421979,-12.04126373421979
1722641411456007,0.00943365,24.291506633552963,-3855.0,88524.97677792149,24.291506633552963,-12.075214116447036
1722641911500625,0.00935205,14.949282265518626,-2855.0,88609.23088040197,14.949282265518626,-11.750820484481377
1722642411349624,0.00927285,-68.579155769965,6145.0,88822.91191944471,-68.579155769965,-11.597492519965002
1722642911461176,0.00929755,-77.86284921079994,7145.0,88999.42605526322,-77.86284921079994,-11.43185446079994
1722643413492719,0.00934655,-77.83187250909702,7145.0,89223.52751579163,-77.83187250909702,-11.050772759097029
1722643913495493,0.00942335,44.303090905684556,-5855.0,89420.77009561977,44.303090905684556,-10.870623344315447
1722644413499746,0.00937425,20.61482301980969,-3322.0,89538.58106998538,20.61482301980969,-10.526435480190312
1722644913501818,0.00936245,20.52092306084304,-3322.0,89632.46663842889,20.52092306084304,-10.58113583915696
1722645413486942,0.00927615,-35.348852242470436,2678.0,89893.11450161744,-35.348852242470436,-10.507322542470433
1722645913491639,0.00925275,-53.83721505697768,4678.0,90059.41140245557,-53.83721505697768,-10.552850556977681
1722646413472367,0.00919885,-107.62772617733104,10514.0,90462.68044021947,-107.62772617733104,-10.911017277331041
1722646913466916,0.00913455,-153.46730408756684,15530.0,91057.65262179307,-153.46730408756684,-11.607742587566833
1722647413477328,0.008913,-110.6441214270314,10839.0,92846.5931660198,-110.6441214270314,-14.036114427031379
1722647913478575,0.00893915,-32.96837954638646,2217.0,94468.5201134774,-32.96837954638646,-13.15028399638646
1722648413484001,0.00904535,-57.567651055448124,4981.0,95248.0761041698,-57.567651055448124,-12.512762705448118
1722648913453035,0.00912315,79.15814245812781,-10019.0,96040.88566533162,79.15814245812781,-12.246697391872189
1722649413463001,0.00910355,161.27877190954698,-19019.0,96596.10955625909,161.27877190954698,-11.861645540453026
1722649913489950,0.00915295,143.25493285780473,-17019.0,96942.67753459013,143.25493285780473,-12.51912319219528
1722650413500790,0.00915725,134.1371239333449,-16019.0,97171.77189498131,134.1371239333449,-12.552863816655105
1722650913487563,0.00917745,189.32621483809064,-22019.0,97557.80248333364,189.32621483809064,-12.752056711909376
1722651413499698,0.009205950000000001,146.79904371205953,-17389.0,97692.22489423577,146.79904371205953,-13.28322083794049
1722651913489374,0.00921635,220.8136042937904,-25389.0,98025.167815791,220.8136042937904,-13.1803058562096
1722652413485404,0.00916205,157.0787988327308,-18447.0,98181.76320429618,157.0787988327308,-11.933537517269201
1722652913501965,0.009165650000000001,153.0077735177547,-17993.0,98324.05438454579,153.0077735177547,-11.909766932245304
1722653413952669,0.00914515,142.8120876335402,-16875.0,98405.43868200762,142.8120876335402,-11.512318616459794
1722653913963474,0.00919785,151.99177459659256,-17875.0,98543.10588887098,151.99177459659256,-12.419794153407452
1722654413967248,0.009156049999999999,87.83544496405044,-10875.0,98717.39793749929,87.83544496405044,-11.736598785949553
1722654913979993,0.00921925,60.26159222212371,-7875.0,98818.61563280367,60.26159222212371,-12.340001527876296
1722655413942187,0.00921285,97.23287518017962,-11875.0,98947.98380244405,97.23287518017962,-12.169718569820375
1722655914000020,0.00920995,115.65995359706393,-13875.0,99206.21690579307,115.65995359706393,-12.128102652936064
1722656413960461,0.00927565,143.46464723251742,-16875.0,99345.18955213438,143.46464723251742,-13.061946517482568
1722656913968638,0.009299149999999999,217.84529175934628,-24875.0,99475.38848174697,217.84529175934628,-13.471064490653703
1722657413956402,0.00933805,227.203388333745,-25875.0,99615.20287409183,227.203388333745,-14.418655416255007
1722657913975100,0.00928905,217.86852642368007,-24875.0,99699.06898836575,217.86852642368007,-13.196592326319944
1722658413991116,0.00927435,199.346441917135,-22875.0,99791.77869780432,199.346441917135,-12.804314332865033
1722658913977493,0.00929225,208.62746686259385,-23875.0,99875.38035223774,208.62746686259385,-13.225001887406165
1722659413981926,0.00929595,208.61787881143934,-23875.0,99893.93501693268,208.61787881143934,-13.322927438560669
1722659913952647,0.00932855,208.68385132920855,-23875.0,99987.03844938787,208.68385132920855,-14.035279920791453
1722660413973644,0.009301150000000001,227.34462691550482,-25875.0,100080.25032586676,227.34462691550482,-13.322629334495218
1722660913991451,0.00927995,199.52474231826443,-22875.0,100219.39509097803,199.52474231826443,-12.754113931735588
1722661413953333,0.00927455,171.69464944928555,-19875.0,100247.225183847,171.69464944928555,-12.637031800714453
1722661913983440,0.009336549999999999,218.2920156856513,-24875.0,100331.10804173212,218.2920156856513,-13.954665564348659
1722662413974193,0.00932755,208.9735808240718,-23875.0,100377.71883191195,208.9735808240718,-13.721675425928197
1722662913978207,0.009340049999999999,208.985720029837,-23875.0,100396.35918060443,208.985720029837,-14.007973720162965
1722663414468867,0.009319049999999999,218.30491776452683,-24875.0,100405.67837833911,218.30491776452683,-13.506450985473151
1722663914362061,0.00929485,218.30175243882172,-24875.0,100424.32257567723,218.30175243882172,-12.907641311178281
1722664414952158,0.00931475,199.68559961725998,-22875.0,100480.16721297559,199.68559961725998,-13.389306632740016
1722664914984065,0.00942505,115.62718780051928,-13875.0,100902.71529551667,115.62718780051928,-15.145380949480725
1722665415497421,0.00942495,162.84114224981312,-18875.0,101044.17463574279,162.84114224981312,-15.054789000186872
1722665915483247,0.009422449999999999,153.43148614090538,-17875.0,101091.25047713277,153.43148614090538,-14.994807609094607
1722666415461087,0.00939325,172.28871585035074,-19875.0,101185.25533242214,172.28871585035074,-14.402127899649258
1722666915457998,0.00939325,200.4659302597815,-22875.0,101232.20514855177,200.4659302597815,-14.404663490218525
1722667415470000,0.00942075,219.26339905306665,-24875.0,101345.04399305362,219.26339905306665,-15.077757196933362
1722667915491915,0.00944525,219.2905294719151,-24875.0,101439.37451643537,219.2905294719151,-15.660064278084917
1722668415455293,0.00945125,219.30345998197802,-24875.0,101533.92473009728,219.30345998197802,-15.796383768021968
1722668915489656,0.00947545,219.28567705968973,-24875.0,101571.79762302713,219.28567705968973,-16.41614169031027
1722669415487426,0.00942405,228.73878295940634,-25875.0,101694.73378966092,228.73878295940634,-15.10851079059367
1722669915481831,0.00942895,219.30493375620415,-24875.0,101723.01962201363,219.30493375620415,-15.240197493795847
1722670415450415,0.00950605,219.38149439173546,-24875.0,101836.89146766368,219.38149439173546,-17.08149935826455
1722670915502120,0.009486350000000001,228.88526814823004,-25875.0,101941.40964216266,228.88526814823004,-16.574038101769986
1722671415463176,0.00943225,219.44227012874234,-24875.0,102083.33521491944,219.44227012874234,-15.18494862125766
1722671915454189,0.00944105,219.46655715772326,-24875.0,102158.88825263336,219.46655715772326,-15.37956159227673
1722672417992438,0.00940485,144.14821424343492,-16875.0,102309.59707138696,144.14821424343492,-14.558629506565069
1722672917954912,0.00938465,50.050366212175255,-6875.0,102422.51625006503,50.050366212175255,-14.469102537824746
1722673417993552,0.00937705,-34.149298788873416,2125.0,102637.84528223038,-34.149298788873416,-14.223067538873416
1722673917995040,0.009382850000000002,-34.154888053396135,2125.0,102731.85231200077,-34.154888053396135,-14.21633180339613
1722674417974162,0.00938335,-43.52219608193947,3125.0,102797.53900547647,-43.52219608193947,-14.199227331939468
1722674917955625,0.009346750000000001,-62.38277149657309,5125.0,102947.05527217797,-62.38277149657309,-14.480677746573086
1722675417951023,0.009380949999999999,-109.0392792661177,10125.0,103049.8248356641,-109.0392792661177,-14.057160516117719
1722675917993357,0.00938965,-109.03132952944146,10125.0,103087.35094119185,-109.03132952944146,-13.961123279441466
1722676417959871,0.00933025,-155.73587719670428,15125.0,103209.00367031604,-155.73587719670428,-14.615845946704269
1722676917955213,0.00930635,-248.85116630470444,25125.0,103339.35465897796,-248.85116630470444,-15.02912255470443
1722677417979326,0.00935955,-239.54713683145766,24125.0,103442.1311010281,-239.54713683145766,-13.747993081457679
1722677918000718,0.00937255,-230.18123503245377,23125.0,103507.61852377348,-230.18123503245377,-13.441016282453774
1722678417987516,0.00941255,-136.09336360249046,13125.0,103620.55888315628,-136.09336360249046,-12.55364485249045
1722678917936834,0.00941405,-41.82848564597187,3125.0,103752.50300388309,-41.82848564597187,-12.409579395971868
1722679417977255,0.00938145,-51.19499201478392,4125.0,103855.99392963768,-51.19499201478392,-12.49651076478392
1722679917979753,0.009383550000000001,-69.95116568268246,6125.0,103930.9809650455,-69.95116568268246,-12.476921932682451
1722680417979318,0.00934495,-79.33430849433111,7125.0,103996.63421464166,-79.33430849433111,-12.751539744331112
1722680917979450,0.00933165,-116.64726306012021,11125.0,104052.59095753572,-116.64726306012021,-12.832656810120213
1722681417993298,0.009357850000000001,-135.30063927373558,13125.0,104183.47923851338,-135.30063927373558,-12.478858023735569
1722681917978086,0.00937215,-97.78869125374555,9125.0,104295.97965938922,-97.78869125374555,-12.267822503745563
1722682417978287,0.00940585,-69.64444404907458,6125.0,104361.60649820155,-69.64444404907458,-12.033612799074575
1722682918001594,0.00938755,-88.43432347657522,8125.0,104455.43301083044,-88.43432347657522,-12.160479726575218
1722683417912270,0.00934155,-88.46305758339781,8125.0,104530.43569566008,-88.46305758339781,-12.562963833397802
1722683917956145,0.00938255,-50.93622588363833,4125.0,104661.5274958243,-50.93622588363833,-12.23320713363833
1722684418496615,0.00940125,-41.544656308218,3125.0,104764.94117577968,-41.544656308218,-12.165750058218002
1722684918478598,0.00940645,33.72019861446874,-4875.0,104877.82003221879,33.72019861446874,-12.136245135531261
1722685418473646,0.00941695,14.90005318977775,-2875.0,104915.4705157555,14.90005318977775,-12.173678060222251
1722685918493362,0.00941605,24.354062223622435,-3875.0,104962.58331448211,24.354062223622435,-12.133131526377568
1722686418455985,0.00941795,90.1673902463452,-10875.0,105047.23639485089,90.1673902463452,-12.252816003654786
1722686918494307,0.00942525,90.18545401336046,-10875.0,105084.89690714417,90.18545401336046,-12.314139736639547
1722687418451442,0.00942175,118.51279840795306,-13875.0,105188.6467194566,118.51279840795306,-12.213982842046931
1722687918487256,0.009507749999999999,156.43470056211703,-17875.0,105283.26246263906,156.43470056211703,-13.516330687882942
1722688418452601,0.00949385,213.50852724892178,-23875.0,105511.64973824479,213.50852724892178,-13.157141501078229
1722688918496192,0.00947685,128.2872649325436,-14875.0,105729.55519432391,128.2872649325436,-12.680878817456403
1722689418498620,0.00939005,52.911950377785494,-6875.0,105974.56267186378,52.911950377785494,-11.64464337221451
1722689918988850,0.00940595,81.74946624987537,-9942.0,106040.99746133923,81.74946624987537,-11.764488650124633
1722690418960151,0.00935655,34.88725760895988,-4942.0,106125.51575449486,34.88725760895988,-11.352812491040119
1722690918996730,0.00934495,-39.82285361421607,3058.0,106218.88928777147,-39.82285361421607,-11.245996514216074
1722691418956192,0.00931955,-151.7046297427184,15058.0,106368.06990335092,-151.7046297427184,-11.37084584271841
1722691918958226,0.00935155,-161.05704813040947,16058.0,106452.21334517376,-161.05704813040947,-10.889858230409459
1722692419954348,0.00934135,-170.40926842597213,17058.0,106536.45091407772,-170.40926842597213,-11.064520125972138
1722692919968343,0.00933235,-179.73090607502056,18058.0,106620.4033765044,-179.73090607502056,-11.207329775020554
1722693419966203,0.00934645,-207.73546361088052,21058.0,106685.81649256028,-207.73546361088052,-10.917919510880523
1722693919997955,0.00938625,-217.0660819013428,22058.0,106826.38343493431,-217.0660819013428,-10.024179401342792
1722694419979564,0.00934375,-207.83449622228562,21058.0,106985.3104396524,-207.83449622228562,-11.073808722285634
1722694919950905,0.00933275,-235.81653838919192,24058.0,107144.07811840884,-235.81653838919192,-11.289238889191893
1722695419993233,0.009380050000000001,-226.46897100223757,23058.0,107247.05967689857,-226.46897100223757,-10.18377810223754
1722695919963241,0.00938045,-226.4721791666531,23058.0,107340.79397489522,-226.4721791666531,-10.177763066653085
1722696419991808,0.009343549999999999,-189.01889702111527,19058.0,107434.36205047558,-189.01889702111527,-10.949521121115282
1722696919977996,0.00931055,-188.99368368798434,19058.0,107490.29772139511,-188.99368368798434,-11.553221787984342
1722697419977755,0.009211549999999999,-142.93852241702567,14058.0,108181.01074663218,-142.93852241702567,-13.442552517025689
1722697919989803,0.00923975,-207.41050092324392,21058.0,108374.7396198798,-207.41050092324392,-12.83984542324393
1722698419962230,0.0091444,-225.87389762340987,23058.0,108613.60921007623,-225.87389762340987,-15.022322423409861
1722698919978872,0.00908415,-194.95775570390092,19655.0,109425.83666353738,-194.95775570390092,-16.408787453900942
1722699419996959,0.009014649999999999,-186.00244266312592,18655.0,110175.72619715343,-186.00244266312592,-17.83414691312595
1722699919956449,0.008966149999999999,-204.30579150392526,20655.0,110679.55386375052,-204.30579150392526,-19.109963253925287
1722700419952808,0.00898865,-101.43481186043935,9213.0,111206.31490646164,-101.43481186043935,-18.62237941043935
1722700920993604,0.008935350000000002,-83.93241954268929,7213.0,112114.94251688519,-83.93241954268929,-19.48173999268927
1722701420984816,0.00886505,-66.2941489351919,5213.0,113339.42458483405,-66.2941489351919,-20.080643285191904
1722701920991029,0.00881085,-9.718042921181578,-1217.0,114971.68473991737,-9.718042921181578,-20.440847371181576
1722702421012792,0.0087617,-48.225909559593774,3213.0,116145.20776704367,-48.225909559593774,-20.074567459593773
1722702920991655,0.008915949999999999,-4.751390861455125,-1865.0,118216.75855738342,-4.751390861455125,-21.379637611455124
1722703420986970,0.00876045,-146.29091231854824,14135.0,119453.17851050985,-146.29091231854824,-22.461951568548244
1722703920991789,0.00877745,-63.710988466100154,4731.0,120582.08915635155,-63.710988466100154,-22.184872516100157
1722704420963496,0.00879205,-33.665988127689566,1329.0,121510.59695183965,-33.665988127689566,-21.98135367768957
1722704920972765,0.0086612,-49.72976278193647,3176.0,122626.06080738406,-49.72976278193647,-22.22179158193647
1722705420987365,0.00854595,-105.47853340555628,9596.0,123950.30424201101,-105.47853340555628,-23.47159720555628
1722705920988258,0.00857925,-66.09637998647219,5029.0,125555.04570508398,-66.09637998647219,-22.951331736472184
1722706420977529,0.00852695,-46.8589102087932,2845.0,126511.71953192755,-46.8589102087932,-22.599737458793197
1722706920965666,0.00861715,25.233688678504908,-5547.0,127263.09111906051,25.233688678504908,-22.56564237149509
1722707420956770,0.008589349999999999,76.9963857933512,-11547.0,127779.6420974135,76.9963857933512,-22.184838656648793
1722707920973190,0.008523949999999999,0.4306494684298894,-2547.0,128198.2249492141,0.4306494684298894,-21.27985118157011
1722708420981549,0.00853865,65.73036548973354,-10167.0,128843.6175517768,65.73036548973354,-21.082089060266455
1722708920982747,0.008632250000000001,74.47087296084388,-11167.0,129246.29957461503,74.47087296084388,-21.92546278915613
1722709420966597,0.00857895,106.11579818071651,-14858.0,129638.41644937432,106.11579818071651,-21.350240919283493
1722709921000718,0.0084311,9.792610052760516,-3508.0,130562.9855756002,9.792610052760516,-19.783688747239484
1722710420988637,0.00854525,30.060521476092195,-5863.0,131662.8812831597,30.060521476092195,-20.04027927390781
1722710920985135,0.00850395,19.72689611719877,-4627.0,132082.138876565,19.72689611719877,-19.62088053280123
1722711420955808,0.00843795,-35.78192158920786,1961.0,132561.23845304985,-35.78192158920786,-19.235101639207862
1722711920957254,0.00844925,-35.65696095897126,1961.0,132814.62911583437,-35.65696095897126,-19.08798170897126
1722712420994579,0.00849485,32.15362825215766,-6039.0,133169.74227927052,32.15362825215766,-19.146770897842337
1722712920976342,0.008465750000000001,-26.860175974303104,961.0,133584.1558942561,-26.860175974303104,-18.724590224303103
1722713420965375,0.008369950000000001,-60.44818056573166,4961.0,134037.91901885,-60.44818056573166,-18.924858615731658
1722713920979560,0.00846315,-35.48728224481352,1961.0,134890.80940798443,-35.48728224481352,-18.891045094813524
1722714420951203,0.008556649999999999,58.44545066422084,-9039.0,135308.4794022492,58.44545066422084,-18.89810868577915
1722714920976000,0.008439249999999999,-28.052253339831122,1165.0,135608.4483484851,-28.052253339831122,-18.220527089831123
1722715420991869,0.008401849999999999,-69.87159911561677,6165.0,135952.26959931655,-69.87159911561677,-18.074193865616785
1722715920996538,0.00834415,-78.12169574796653,7165.0,136610.356796297,-78.12169574796653,-18.335860997966527
1722716420985079,0.00846915,56.76293471910589,-8822.0,137234.24375270613,56.76293471910589,-17.95190658089411
1722716920962649,0.00849465,111.03497853423026,-15219.0,137586.78524544623,111.03497853423026,-18.245099815769734
1722717420954403,0.00851495,187.83289131736575,-24219.0,138173.82061029674,187.83289131736575,-18.390682732634247
1722717921464894,0.00846145,153.87073981730165,-20219.0,138394.70762245797,153.87073981730165,-17.211317732698348
1722718421479923,0.00837215,61.90699238406094,-9219.0,138789.99670854045,61.90699238406094,-15.275858465939052
1722718921451948,0.008398550000000001,179.90080830956623,-23219.0,139076.11855462848,179.90080830956623,-15.105124140433787
1722719421502909,0.00844235,121.36597737382165,-16241.0,139903.8776115206,121.36597737382165,-15.74622897617833
1722719921492011,0.00851795,146.80730409492963,-19241.0,140405.518548588,146.80730409492963,-17.08657185507036
1722720421496162,0.00853415,198.0120711687963,-25241.0,140712.3405216874,198.0120711687963,-17.398408981203715
1722720921496554,0.00854465,189.50543829563537,-24241.0,140925.76831897133,189.50543829563537,-17.625422354364645
1722721421465005,0.00858955,198.03945060118681,-25241.0,141088.82407649688,198.03945060118681,-18.769380948813165
1722721921482084,0.008598149999999999,189.44764849582037,-24241.0,141131.75450499656,189.44764849582037,-18.980105654179596
1722722421491030,0.00860685,189.4689702377031,-24241.0,141200.5932057115,189.4689702377031,-19.169680612296872
1722722921473465,0.008620349999999999,128.8358725455118,-17169.0,141552.06237025483,128.8358725455118,-19.166916604488193
1722723421469745,0.00857705,137.4657138060737,-18169.0,141595.02247179885,137.4657138060737,-18.370707643926295
1722723921455873,0.00857335,128.98394406889614,-17169.0,141706.20678753225,128.98394406889614,-18.211902081103858
1722724421481908,0.008596949999999999,103.27311195663171,-14169.0,141749.03417063964,103.27311195663171,-18.53707259336828
1722724921454219,0.00861255,172.0936432757667,-22169.0,141835.0319736807,172.0936432757667,-18.837977674233287
1722725421475352,0.00858455,189.29003928039614,-24169.0,141869.41016167437,189.29003928039614,-18.189949669603863
1722725921488325,0.00858625,197.91592819866682,-25169.0,141912.3871758116,197.91592819866682,-18.19139805133318
1722726421453729,0.00858055,163.6121432923366,-21169.0,142032.51321829698,163.6121432923366,-18.02951965766337
1722726921455397,0.00860495,189.38130153103904,-24169.0,142075.41087272833,189.38130153103904,-18.591735018960946
1722727421463937,0.00864505,189.4156056619767,-24169.0,142196.4041045427,189.4156056619767,-19.526607788023284
1722727921451372,0.00864525,189.45351819915888,-24169.0,142317.75196814633,189.45351819915888,-19.49352905084112
1722728421466019,0.00861205,189.50079163300927,-24169.0,142386.76857642856,189.50079163300927,-18.643844816990708
1722728921973347,0.008646850000000001,172.22219666259025,-22169.0,142421.2995227257,172.22219666259025,-19.469820987409776
1722729421951043,0.00863455,163.59728389605675,-21169.0,142447.22186688075,163.59728389605675,-19.187505053943227
1722729923489642,0.00859915,94.81337854687379,-13169.0,142584.77684796366,94.81337854687379,-18.42882780312621
1722730423468253,0.00861265,68.9798488940837,-10169.0,142645.0288595763,68.9798488940837,-18.60218895591629
1722730923486507,0.00860965,51.74927413977919,-8169.0,142783.22947002953,51.74927413977919,-18.582956710220813
1722731423486197,0.00858275,34.53554175814686,-6169.0,142852.0165163215,34.53554175814686,-18.411442991853136
1722731923488983,0.00864165,0.17359010482898363,-2169.0,142920.81512710257,0.17359010482898363,-18.570148745171018
1722732423459616,0.00864445,-17.10580697892499,-169.0,142990.06360437654,-17.10580697892499,-18.56671902892499
1722732923468645,0.00867335,-51.76684948593166,3831.0,143093.9770269391,-51.76684948593166,-18.539245635931657
1722733423475507,0.008628150000000001,-60.395262276661185,4831.0,143137.22951025068,-60.395262276661185,-18.71266962666118
1722733923475228,0.00859565,-68.95501622057495,5831.0,143231.8952627947,-68.95501622057495,-18.83378107057495
1722734423467239,0.00864265,-25.871175661491506,831.0,143309.41227009197,-25.871175661491506,-18.689133511491505
1722734923469258,0.00861955,-25.871175661491506,831.0,143309.41227009197,-25.871175661491506,-18.708329611491507
1722735423496445,0.008562150000000001,-94.47887337415217,8831.0,143463.76536064863,-94.47887337415217,-18.866526724152166
1722735923495769,0.00856605,-128.740188971133,12831.0,143515.16888012187,-128.740188971133,-18.829201421132993
1722736423498793,0.00862555,-154.555810035357,15831.0,143540.98450118612,-154.555810035357,-18.00472798535702
1722736923493115,0.00864355,-171.82114184535854,17831.0,143592.8014505937,-171.82114184535854,-17.69800179535855
1722737423497965,0.00865585,-206.26522905524635,21831.0,143748.37569568373,-206.26522905524635,-17.299367705246368
1722737923496211,0.00866365,-232.15615825344386,24831.0,143860.923246099,-232.15615825344386,-17.029065103443855
1722738423491242,0.00871565,-136.5044929625163,13831.0,143973.95871670515,-136.5044929625163,-15.958337812516305
1722738923482573,0.008734849999999999,-75.31542115031753,6831.0,144122.45414578862,-75.31542115031753,-15.647660800317539
1722739423472217,0.00865835,-136.2419670297724,13831.0,144200.71181129708,-136.2419670297724,-16.48832817977241
1722739923496152,0.00865845,-153.51508432049854,15831.0,144235.34721441122,-153.51508432049854,-16.443162370498555
1722740423491943,0.00866795,-127.51651290183933,12831.0,144261.34578582988,-127.51651290183933,-16.298046451839326
1722740923456375,0.008642750000000001,-149.8783858854691,15410.0,144352.91631802102,-149.8783858854691,-16.693608385469076
1722741423501353,0.00861965,-175.61410172257715,18410.0,144447.68172745308,-175.61410172257715,-16.92634522257717
1722741923481910,0.00857315,-227.23486810910518,24410.0,144516.5132847885,-227.23486810910518,-17.964276609105184
1722742423488390,0.00859875,-218.62235571984456,23410.0,144576.66440706587,-218.62235571984456,-17.325618219844557
1722742923500304,0.00860355,-215.02103436837737,22992.0,144624.73641055255,-215.02103436837737,-17.208212768377365
1722743423494078,0.00861455,-223.6019329104926,23992.0,144667.71461124887,-223.6019329104926,-16.921649310492597
1722743923478528,0.00862995,-223.59510701926635,23992.0,144719.4512482088,-223.59510701926635,-16.545346619266326
1722744423462199,0.00860055,-232.21407726402217,24992.0,144762.5097891781,-232.21407726402217,-17.269131664022154
1722744923478680,0.00862905,-223.58285971065197,23992.0,144788.33584198923,-223.58285971065197,-16.554692110651985
1722745423478422,0.00863765,-214.95317839317124,22992.0,144814.24292375677,-214.95317839317124,-16.35632959317124
1722745923463786,0.008634949999999999,-206.3057643721166,21992.0,144857.44453094946,-206.3057643721166,-16.40594397211663
1722746423489971,0.008527449999999999,-95.51202490876562,8992.0,145191.10742388156,-95.51202490876562,-18.83319450876563
1722746923456744,0.008519249999999999,-171.94330470217545,17992.0,145488.83878337222,-171.94330470217545,-18.664958702175483
1722747423501313,0.00847225,-231.54622822147383,24992.0,145667.15385570654,-231.54622822147383,-19.807756221473824
1722747923488904,0.00850415,-223.05604736987002,23992.0,145726.5592458678,-223.05604736987002,-19.024480569870008
1722748423968302,0.00849655,-240.05924467754215,25992.0,145794.62059500226,-240.05924467754215,-19.21691707754215
1722748923988588,0.008482449999999999,-223.05164906353923,23992.0,145879.5740793533,-223.05164906353923,-19.54070866353925
1722749423990892,0.00851495,-197.52288526227332,20992.0,145922.05441796582,-197.52288526227332,-18.777054862273303
1722749923987247,0.00856005,-120.49777318578457,11992.0,146084.78214069773,-120.49777318578457,-17.845653585784575
1722750423980821,0.00854605,-111.8303286997864,10992.0,146230.41322131155,-111.8303286997864,-17.892147099786413
1722750923912258,0.00852215,-145.91736698969737,14992.0,146366.89982005325,-145.91736698969737,-18.153294189697377
1722751423990665,0.00852095,-145.89168891345324,14992.0,146435.0314201716,-145.89168891345324,-18.145606513453245
1722751923967022,0.00848905,-154.39819121427246,15992.0,146460.515859267,-154.39819121427246,-18.64130361427246
1722752423973065,0.00848975,-179.7727832601906,18992.0,146536.74157411992,-179.7727832601906,-18.535451260190598
1722752923966244,0.00850305,-162.75881887005076,16992.0,146553.75553851004,-162.75881887005076,-18.27499327005077
1722753423987875,0.008503150000000001,-154.23092250157816,15992.0,146579.28339339414,-154.23092250157816,-18.24854770157816
1722753923951003,0.00846735,-145.7210399853792,14992.0,146638.64205233988,-145.7210399853792,-18.77852878537921
1722754423992713,0.00851125,-154.18023540264085,15992.0,146664.05057804612,-154.18023540264085,-18.068325402640852
1722754923985921,0.00848455,-120.20112629158822,11992.0,146698.0296871572,-120.20112629158822,-18.454402691588214
1722755423979623,0.00846005,-154.02848937532866,15992.0,146799.4752332999,-154.02848937532866,-18.73536977532865
1722755923971786,0.00847085,-103.16705922029648,9992.0,146867.2916562792,-103.16705922029648,-18.52632602029648
1722756424489851,0.00844925,-77.7259499798851,6992.0,146892.7327655196,-77.7259499798851,-18.6487939798851
1722756924468458,0.00836595,-228.99477807665443,24992.0,147144.6697691659,-228.99477807665443,-19.912955676654406
1722757424497026,0.00834705,-228.98837834450117,24992.0,147361.44564884654,-228.98837834450117,-20.37890474450117
1722757924452536,0.008255450000000001,-232.22524050814079,25388.0,147739.75755916632,-232.22524050814079,-22.635875908140747
1722758425481029,0.008283849999999999,-223.94731943571875,24388.0,147996.33827777352,-223.94731943571875,-21.920785635718772
1722758925474642,0.00816545,-227.11987257434475,24768.0,148486.8213445868,-227.11987257434475,-24.87800697434477
1722759425501689,0.00822185,-212.79166105215833,23005.0,148864.46407824397,-212.79166105215833,-23.648001802158348
1722759925468530,0.00827995,-124.58385151516184,12335.0,149216.53994285528,-124.58385151516184,-22.450668265161852
1722760425472532,0.00834055,-66.31126028598766,5335.0,149357.88483426752,-66.31126028598766,-21.81442603598766
1722760925489753,0.00840075,109.96523180046263,-15658.0,149718.4561532079,109.96523180046263,-21.573711699537384
1722761425459030,0.00840425,114.99932763004217,-16264.0,149942.2703075034,114.99932763004217,-21.68739436995783
1722761925470197,0.00839805,116.96291203671981,-16492.0,150075.08068484382,116.96291203671981,-21.537728563280183
1722762425478967,0.00841755,167.30074424074303,-22492.0,150192.71515711877,167.30074424074303,-22.02679035925695
1722762925491829,0.00847375,175.83088158210322,-23492.0,150336.62916909214,175.83088158210322,-23.234453417896788
1722763425456105,0.00846695,180.84900686346919,-24085.0,150443.16893031198,180.84900686346919,-23.077483886530842
1722763925454716,0.00846655,180.83694386900078,-24085.0,150561.90563164983,180.83694386900078,-23.079912880999217
1722764425473938,0.00847585,158.80942344200915,-21493.0,150719.62411779395,158.80942344200915,-23.362020607990843
1722764925456006,0.00851155,184.3941127978396,-24493.0,150779.23277539964,184.3941127978396,-24.079281352160393
1722765425459667,0.00849875,184.4169597810274,-24493.0,150847.30894689914,184.4169597810274,-23.742923968972576
1722765925476914,0.00846195,142.08381020870198,-19494.0,150957.58186241885,142.08381020870198,-22.873443091298014
1722766425453571,0.00843915,91.56287845495001,-13494.0,151109.55003813404,91.56287845495001,-22.315011645049978
1722766925488511,0.00850145,23.95141967319716,-5494.0,151211.04807372022,23.95141967319716,-22.755546626802843
1722767425464451,0.00852835,117.74121721330192,-16494.0,151373.13311789927,117.74121721330192,-22.925387686698087
1722767925497194,0.00853165,168.90369977168552,-22494.0,151458.26097452675,168.90369977168552,-23.007235328314465
1722768425497945,0.00849445,186.00082664612847,-24494.0,151509.39189208613,186.00082664612847,-22.06223165387155
1722768925458154,0.008570649999999999,194.5287572197999,-25494.0,151620.3867155621,194.5287572197999,-23.971393880200083
1722769425481488,0.00858335,160.11805917336096,-21494.0,151861.05586748253,160.11805917336096,-24.372465726639035
1722769925483947,0.008560749999999999,185.9005912150403,-24494.0,152075.75599581553,185.9005912150403,-23.786419284959692
1722770425492019,0.00856665,160.29995333534947,-21494.0,152221.2040872783,160.29995333534947,-23.83162176465055
1722770925460727,0.00856595,194.63144518912318,-25494.0,152306.91559511502,194.63144518912318,-23.748884110876787
1722771425484040,0.00856385,177.52409757102217,-23494.0,152409.70903889564,177.52409757102217,-23.674994328977817
1722771925477949,0.00853825,109.21481335679886,-15494.0,152495.12722822267,109.21481335679886,-23.07683214320116
1722772425475017,0.00852955,75.20040230287879,-11494.0,152580.28381917774,75.20040230287879,-22.838245397121213
1722772925489171,0.00855325,41.122933565797645,-7494.0,152665.6427008421,41.122933565797645,-22.975121934202356
1722773425489547,0.00853495,6.944319308203918,-3494.0,152716.9376079055,6.944319308203918,-22.87679599179608
1722773925484500,0.00851105,-10.047732024634927,-1494.0,152802.0585380233,-10.047732024634927,-22.763240724634926
1722774425463581,0.00853225,-10.052276503164144,-1494.0,152836.18013968325,-10.052276503164144,-22.799458003164144
1722774925481238,0.00869215,76.04862930062416,-11494.0,153478.43167886656,76.04862930062416,-23.85894279937584
1722775425471518,0.00864525,120.23938919237452,-16572.0,153815.55098039424,120.23938919237452,-23.029693807625478
1722775925481794,0.00868765,198.31911186386066,-25572.0,154101.89187015797,198.31911186386066,-23.84147393613935
1722776425497190,0.008726049999999999,198.39124719751518,-25572.0,154328.47953156644,198.39124719751518,-24.75130340248478
1722776925495675,0.00863215,154.75206262028266,-20572.0,154755.29099389183,154.75206262028266,-22.828527179717327
1722777425500548,0.008628150000000001,111.64297670323678,-15572.0,154884.7496901757,111.64297670323678,-22.714575096763227
1722777925478225,0.00868095,129.0017525466708,-17572.0,155006.12246019457,129.0017525466708,-23.539900853329215
1722778425489569,0.00868545,129.04975996311202,-17572.0,155110.1751059637,129.04975996311202,-23.570967436887997
1722778925395344,0.00868625,120.36326114765417,-16572.0,155205.6795765682,120.36326114765417,-23.58527385234582
1722779425458263,0.008650950000000001,85.74549060898993,-12572.0,155292.39167909726,85.74549060898993,-23.014252791010094
1722779925482753,0.00863895,42.494865075351,-7572.0,155352.9434663702,42.494865075351,-22.919264324648992
1722780425475029,0.00861485,-60.839589852253845,4428.0,155525.1662569316,-60.839589852253845,-22.693034052253843
1722780925456050,0.00854135,-197.75327271182056,20428.0,155781.78488234952,-197.75327271182056,-23.270574911820574
1722781425494492,0.00844725,-167.42206578952073,16839.0,156356.46960704753,-167.42206578952073,-25.178823039520722
1722781925457437,0.00838755,-243.21722155067965,25839.0,157021.7258193948,-243.21722155067965,-26.49131710067965
1722782425486509,0.0083324,-109.28704326756473,9758.0,158388.49820138805,-109.28704326756473,-27.979484067564727
1722782925500745,0.00831335,-32.99411495689074,680.0,159663.16900400497,-32.99411495689074,-27.34103695689074
1722783425476587,0.00833435,-41.24317984141667,1680.0,160818.0707750205,-41.24317984141667,-27.24147184141667
1722783925465694,0.00828165,-32.511696545869256,674.0,162134.44566588628,-32.511696545869256,-26.929864445869256
1722784425486528,0.00821595,-98.3319926244369,8674.0,163121.35178811965,-98.3319926244369,-27.06684232443689
1722784925498406,0.008221550000000001,-57.238931579516084,3657.0,164057.219145341,-57.238931579516084,-27.17272322951608
1722785425452175,0.00817355,-62.11727902226989,4267.0,164569.51512429092,-62.11727902226989,-27.240741172269892
1722785925505894,0.00812685,-21.56125838913811,-733.0,165573.10712071724,-21.56125838913811,-27.51823943913811
1722786425477947,0.00812235,40.48049572492428,-8349.0,165960.74661023656,40.48049572492428,-27.33300442507573
1722786925459725,0.00799635,9.133038550724986,-4380.0,166844.41255737536,9.133038550724986,-25.89097444927501
1722787426969544,0.0079651,-20.868725563125626,-615.0,167933.1700665738,-20.868725563125626,-25.767262063125624
1722787926997120,0.00810025,67.25669610454669,-11615.0,169519.5746505279,67.25669610454669,-26.8277076454533
1722788426975466,0.00787635,-105.0582725705093,9984.0,171147.42526935803,-105.0582725705093,-26.420794170509296
1722788926963813,0.00790105,-97.24034718342853,8984.0,172214.23640192958,-97.24034718342853,-26.25731398342853
1722789426995907,0.007946149999999999,-57.47529050555086,3984.0,173175.88037453784,-57.47529050555086,-25.81782890555086
1722789926969230,0.00795035,-25.54222089445927,-16.0,173826.80844982498,-25.54222089445927,-25.66942649445927
1722790426982977,0.00787185,-3.7270125049842275,-2770.0,174669.4142169041,-3.7270125049842275,-25.532037004984225
1722790926999204,0.007784050000000001,-121.21655593701252,12230.0,175819.3547856897,-121.21655593701252,-26.0176244370125
1722791426972412,0.007759749999999999,-74.0712397517655,6230.0,177284.37772341896,-74.0712397517655,-25.72799725176551
1722791926996856,0.00784875,11.81928597972166,-4770.0,179925.96305230653,11.81928597972166,-25.619251520278343
1722792426988056,0.00787615,-11.606463130048297,-1756.0,181488.558197586,-11.606463130048297,-25.436982530048297
1722792926992525,0.007865549999999999,-71.99471774909323,5968.0,182881.45213201907,-71.99471774909323,-25.053115349093233
1722793426976974,0.007775799999999999,-154.5593433240198,16605.0,184685.48411582073,-154.5593433240198,-25.44218432401982
1722793927000180,0.00799385,17.619692359032477,-5750.0,188730.53910821662,17.619692359032477,-28.344945140967525
1722794426992716,0.007961349999999999,-34.79692933446482,907.0,190242.12694635478,-34.79692933446482,-27.575984884464823
1722794926979554,0.00808295,184.7669146155138,-26458.0,191578.81253365008,184.7669146155138,-29.091776484486218
1722795426970301,0.008018250000000001,70.29595724450604,-12320.0,193234.04967258172,70.29595724450604,-28.488882755493975
1722795926987459,0.00807745,3.268444439879776,-3942.0,194795.3417784853,3.268444439879776,-28.572863460120224
1722796426998691,0.00807945,-9.984550637102371,-2308.0,195714.0671200754,-9.984550637102371,-28.631921237102375
1722796926992517,0.008100300000000001,-58.46218926936888,3692.0,196231.74396755264,-58.46218926936888,-28.555881669368873
1722797426967778,0.00818355,75.62490814750069,-12755.0,196976.29981897768,75.62490814750069,-28.75627210249931
1722797926983351,0.00820535,-64.15595415833933,4245.0,198252.49921682413,-64.15595415833933,-29.324243408339328
1722798426970592,0.008178350000000001,-230.12763451135027,24633.0,199232.951873448,-230.12763451135027,-28.67033896135024
1722798926978707,0.00831625,-15.152009269040638,-1367.0,200110.18542794944,-15.152009269040638,-26.52032301904064
1722799426993826,0.00844285,9.897138971415504,-4367.0,201107.16797756997,9.897138971415504,-26.972786978584498
1722799926974496,0.00840205,-40.23088010836163,1633.0,202049.12904203974,-40.23088010836163,-26.51033245836163
1722800426972550,0.00838365,-65.27661305173432,4633.0,202510.19000686184,-65.27661305173432,-26.43516260173432
1722800926983277,0.00839055,-31.657765693087413,633.0,203184.74819762682,-31.657765693087413,-26.34654754308741
1722801427002175,0.00838125,-112.09848353350907,10227.0,203584.37921165832,-112.09848353350907,-26.383439783509075
1722801926979977,0.0084031,-78.43042210522884,6227.0,203969.73668899594,-78.43042210522884,-26.104318405228838
1722802426968525,0.008515149999999999,23.85871281594148,-5873.0,204505.43871617407,23.85871281594148,-26.150763134058515
1722802926979561,0.00846465,74.8484543744436,-11873.0,205048.13548365852,74.8484543744436,-25.652335075556408
1722803426991708,0.00845635,15.684679934419215,-4873.0,205208.9305035045,15.684679934419215,-25.523113615580783
1722803926981148,0.00835285,-160.48493359436574,16127.0,205755.22607394724,-160.48493359436574,-25.778521644365725
1722804426954385,0.00831915,-210.12124098904286,22127.0,206237.34104500123,-210.12124098904286,-26.04340893904285
1722804926963247,0.00832895,-215.08460487121783,22728.0,206575.95409122555,-215.08460487121783,-25.78422927121784
1722805426957121,0.00833155,-164.7837499152174,16728.0,206793.3324351327,-164.7837499152174,-25.413581515217402
1722805926971992,0.008342849999999999,-156.35209203647483,15728.0,207034.82236876962,-156.35209203647483,-25.135747236474856
1722806426971433,0.00831695,-169.7390442874908,17329.0,207297.91515013235,-169.7390442874908,-25.61461773749079
1722806926953801,0.0082443,-244.22332637248286,26329.0,207488.10601217856,-244.22332637248286,-27.159151672482864
1722807426951693,0.008280550000000001,-227.75544182233023,24329.0,207603.77878817212,-227.75544182233023,-26.2979408723302
1722807926952873,0.00828745,-219.4565539799801,23329.0,207678.3129692852,-219.4565539799801,-26.118632929980095
1722808426991353,0.008268049999999999,-194.44223474184395,20329.0,207736.49143049456,-194.44223474184395,-26.361046291843962
1722808926996014,0.00825295,-186.1345575428285,19329.0,207926.3859470981,-186.1345575428285,-26.613286992828506
1722809426984207,0.0082895,-227.6208939586762,24363.0,208395.78975867922,-227.6208939586762,-25.663805458676194
1722809926996435,0.00827635,43.02901396531999,-8038.0,209226.58439310218,43.02901396531999,-23.496287334680005
1722810426979699,0.00833305,34.813859521708444,-7038.0,209732.4308054115,34.813859521708444,-23.834146378291557
1722810926965855,0.00831805,60.06096713938729,-10038.0,210158.03448662296,60.06096713938729,-23.435618760612712
1722811426983523,0.008268649999999999,-47.81621449077816,2962.0,210464.95512119873,-47.81621449077816,-23.32447319077816
1722811926957430,0.00823455,-88.8623455885632,7962.0,210736.7487603935,-88.8623455885632,-23.298858488563198
1722812426983142,0.00823915,-113.54912409954576,10962.0,210843.82824776048,-113.54912409954576,-23.23156179954576
1722812926962674,0.008177750000000001,-236.61982797875694,25962.0,211065.44983009578,-236.61982797875694,-24.30908247875692
1722813426958405,0.00812565,-220.3451923410416,23962.0,211228.58934133814,-220.3451923410416,-25.63836704104162
1722813926956801,0.00815695,-171.33855089841882,17962.0,211586.1742366736,-171.33855089841882,-24.823414998418826
1722814426990906,0.00816145,-114.03989107631756,10962.0,211839.4086024738,-114.03989107631756,-24.574076176317547
1722814926965864,0.00814275,-89.48908634111558,7962.0,212027.10655448132,-89.48908634111558,-24.656510841115576
1722815426952834,0.00807975,-186.70555943357434,19962.0,212205.33899734323,-186.70555943357434,-25.417589933574334
1722815926980399,0.00808265,-194.6764759637905,20962.0,212552.10051840247,-194.6764759637905,-25.247966663790493
1722816428999653,0.00812875,-150.8127666127748,15577.0,212881.71957744492,-150.8127666127748,-24.19122786277478
1722816928971239,0.008030849999999999,-113.5807780519818,10978.0,213450.7617767447,-113.5807780519818,-25.41810675198181
1722817428964605,0.00810475,1.5851244639632078,-3240.0,216207.48348352168,1.5851244639632078,-24.674265536036796
1722817928974166,0.00806525,-30.563270034967502,760.0,217578.93298744826,-30.563270034967502,-24.4336800349675
1722818428953564,0.00799775,-78.64074138485971,6770.0,219754.37569876708,-78.64074138485971,-24.49597388485971
1722818928978032,0.007864349999999999,-62.41949508024449,4745.0,222024.9719411799,-62.41949508024449,-25.103154330244493
1722819428951273,0.00770135,-139.32607012673725,14881.0,224154.69067227654,-139.32607012673725,-24.72228077673725
1722819929017674,0.0076355,-112.92330039124813,11578.0,228540.04883850573,-112.92330039124813,-24.519481391248135
1722820429006239,0.00709525,-8.632856056621847,-3084.0,238386.3691099556,-8.632856056621847,-30.51460705662185
1722820928990246,0.007404249999999999,-34.836337673139354,612.0,246181.52661533508,-34.836337673139354,-30.304936673139355
1722821428991783,0.00724085,-106.6127189820655,10056.0,252746.91315610262,-106.6127189820655,-33.7987313820655
1722821928998491,0.0073568,-16.639788473869498,-2362.0,257564.66565348077,-16.639788473869498,-34.016550073869496
1722822428968279,0.007229950000000001,-67.91229913591785,4642.0,261005.59227872422,-67.91229913591785,-34.35087123591784
1722822928993293,0.0072580000000000006,-14.486686653778907,-2665.0,263688.6648139515,-14.486686653778907,-33.82925665377891
1722823428980104,0.00707205,-89.76963976435836,7915.0,266541.80846868065,-89.76963976435836,-33.79436401435836
1722823928966939,0.00709855,-19.980813277904062,-1880.0,270427.4749127428,-19.980813277904062,-33.326087277904065
1722824428967101,0.007048550000000001,9.072599761967128,-5940.0,274782.9789601731,9.072599761967128,-32.79578723803288
1722824928990675,0.007134049999999999,-98.06755185902931,9060.0,278203.4894825494,-98.06755185902931,-33.433058859029316
1722825428992558,0.00706595,-108.62978334216761,10630.0,281109.28613868204,-108.62978334216761,-33.51873484216762
1722825928988585,0.00700955,-30.602428571157308,-458.0,283707.07806592435,-30.602428571157308,-33.812802471157305
1722826428977728,0.0071412,25.12942284963112,-8190.0,286817.56050303165,25.12942284963112,-33.357005150368884
1722826928984964,0.0071112499999999995,51.79470481823103,-11828.0,288705.2737734439,51.79470481823103,-32.31716018176896
1722827428952954,0.00703085,19.15786731226226,-7249.0,290472.05762529076,19.15786731226226,-31.80876433773774
1722827928973033,0.00700045,6.328792181469316,-5375.0,292306.41171044076,6.328792181469316,-31.298626568530686
1722828428996469,0.007059950000000001,71.39112906314723,-14523.0,293754.2709159103,71.39112906314723,-31.14052478685278
1722828928996323,0.00702135,-55.000137548923036,3477.0,295148.055432604,-55.000137548923036,-30.586903598923037
1722829428975970,0.00709835,15.693565292199985,-6523.0,296208.0098126327,15.693565292199985,-30.608971757800013
1722829928999977,0.00704225,3.9738180924045396,-4819.0,297359.03930559824,3.9738180924045396,-29.96278465759546
1722830428963303,0.0070148499999999996,18.47977691951436,-6819.0,298177.5012626753,18.47977691951436,-29.354485230485633
1722830928951487,0.007052050000000001,-61.61174166251878,4622.0,299276.52035526437,-61.61174166251878,-29.01716656251878
1722831428962892,0.00712985,54.195680192069794,-11689.0,300509.04792585573,54.195680192069794,-29.145136457930214
1722831929001156,0.00704705,-125.03070126459603,13606.0,301327.06767091295,-125.03070126459603,-29.148538964596028
1722832428977798,0.007041749999999999,-110.82774929362566,11606.0,302097.57653415273,-110.82774929362566,-29.10119879362567
1722832928995544,0.00701095,-159.26109504176543,18591.0,302841.7853185024,-159.26109504176543,-28.92052359176543
1722833428957194,0.0069717500000000005,-143.23954445006999,16334.0,303387.307381145,-143.23954445006999,-29.36297995006997
1722833928972321,0.00702855,-95.99343665179165,9616.0,304036.6131008058,-95.99343665179165,-28.406899851791664
1722834428995483,0.006892850000000001,-123.74321641970062,13616.0,305285.87664306053,-123.74321641970062,-29.8901708197006
1722834928966371,0.00685515,49.42469193959774,-12057.0,309537.9040841964,49.42469193959774,-33.22785161040226
1722835429000697,0.00694285,69.91092403307114,-15026.0,313922.0887719426,69.91092403307114,-34.41234006692886
1722835928993828,0.0070047500000000006,-13.507474295150153,-3026.0,317156.01787347154,-13.507474295150153,-34.70384779515015
1722836428965342,0.00701325,-64.34043321238626,4265.0,319898.59062728303,-64.34043321238626,-34.428921962386255
1722836928962518,0.00695865,-35.34171981462344,265.0,321860.554552076,-35.34171981462344,-33.49767756462344
1722837428960477,0.00692865,-73.48778191414061,5837.0,323858.42016737786,-73.48778191414061,-33.04525186414061
1722837928984858,0.0067725500000000004,-56.87533611722027,3611.0,326330.02563788946,-56.87533611722027,-32.41965806722027
1722838428975648,0.0068166500000000005,-35.995481094434204,607.0,330573.24176382227,-35.995481094434204,-31.857774544434204
1722838928983677,0.00663305,-117.5677187675615,12858.0,334968.59071230446,-117.5677187675615,-32.27996186756151
1722839428952895,0.00637055,-39.305914400380274,936.0,342680.15771259763,-39.305914400380274,-33.34307960038027
1722839928998563,0.0063282500000000005,-59.35648539916196,4144.0,348541.5886548036,-59.35648539916196,-33.13221739916196
1722840428979566,0.0063461,-1.8613425820170493,-5143.0,354851.79950704565,-1.8613425820170493,-34.49933488201705
1722840928978787,0.0064546,-13.939500703418146,-3143.0,360329.4606931448,-13.939500703418146,-34.226308503418146
1722841428960013,0.0065492499999999995,40.73723967331689,-11355.0,364113.09103530395,40.73723967331689,-33.6294940766831
1722841928963880,0.0066098500000000004,14.921119400762628,-7376.0,367579.18009887834,14.921119400762628,-33.83313419923738
1722842428986683,0.00670775,82.61040200155468,-17376.0,370152.1807036459,82.61040200155468,-33.94346199844533
1722842928968146,0.00673005,53.51214309618942,-12907.0,373042.2675579163,53.51214309618942,-33.35261225381058
1722843428960495,0.00677805,80.40558781910873,-16907.0,375461.22657701274,80.40558781910873,-34.19090353089126
1722843928987161,0.00682965,-39.3171337442448,582.0,377724.40837644547,-39.3171337442448,-35.3422774442448
1722844428979098,0.00679275,-24.20627015498051,-1418.0,379574.2716846803,-24.20627015498051,-33.83838965498051
1722844930501804,0.0068154,5.702320035030846,-5733.0,380965.2634349459,5.702320035030846,-33.37036816496916
1722845430505092,0.006748,-167.226862835342,19784.0,382737.5241830393,-167.226862835342,-33.72443083534199
1722845930488457,0.00681725,1.9873266958781546,-5216.0,384240.31061107357,1.9873266958781546,-33.57144930412185
1722846430456426,0.00672265,-51.79757649242106,2787.0,385524.09863033297,-51.79757649242106,-33.06155094242106
1722846930483965,0.00673955,55.85832869446445,-13213.0,386678.2614473836,55.85832869446445,-33.191345455535554
1722847430488209,0.0065787,-64.63305984075794,5041.0,387961.4982102363,-64.63305984075794,-31.46983314075794
1722847930479563,0.00658845,-119.49180008783424,13383.0,389317.43619267497,-119.49180008783424,-31.318573737834228
1722848430494675,0.0066078000000000005,25.675688822976348,-8617.0,390147.79557745723,25.675688822976348,-31.263723777023657
1722848930483991,0.006615950000000001,60.36413169647743,-13844.0,391012.21661857294,60.36413169647743,-31.22708010352258
1722849430495850,0.00657805,-89.40259938296782,9156.0,391961.51417113625,-89.40259938296782,-29.173973582967818
1722849930474795,0.0066234499999999995,-11.931787000016072,-2540.0,392860.756171212,-11.931787000016072,-28.755350000016072
1722850430459059,0.0065755499999999995,1.4761143000043218,-4540.0,393876.8552893334,1.4761143000043218,-28.376882699995676
1722850930464179,0.00659205,32.83535021779395,-9301.0,394527.1047361298,32.83535021779395,-28.477306832206054
1722851430472290,0.00643285,-168.0963538352872,21712.0,395907.028617576,-168.0963538352872,-28.426314635287184
1722851930492665,0.006506349999999999,-40.04086199798164,1919.0,397157.461934914,-40.04086199798164,-27.555176347981636
1722852430499152,0.00645625,-13.207957383692374,-2197.0,398108.55476706085,-13.207957383692374,-27.392338633692376
1722852930485733,0.00632935,-89.91847924674087,9803.0,399610.75185140106,-89.91847924674087,-27.871861196740873
1722853430473850,0.006247600000000001,-90.01899887125329,9803.0,401245.2214247958,-90.01899887125329,-28.77377607125328
1722853930496647,0.00626335,-59.363882236857705,5003.0,402716.15543603216,-59.363882236857705,-28.028342186857707
1722854430490201,0.00618995,-80.08825987601152,8183.0,404909.5336931107,-80.08825987601152,-29.435899026011526
1722854930462113,0.00619545,-24.46523659326076,-782.0,407408.60825397697,-24.46523659326076,-29.310078493260757
1722855430468023,0.00613675,-1.8147094887066633,-4408.0,409258.02121208084,-1.8147094887066633,-28.865503488706665
1722855930454016,0.00602475,-37.10576251278588,1459.0,411505.96320755564,-37.10576251278588,-28.315652262785882
1722856430453351,0.006163500000000001,-29.540288301508348,44.0,414234.76593104383,-29.540288301508348,-29.269094301508346
1722856930494530,0.0060062499999999994,-79.04043288974859,8090.0,417028.1968014459,-79.04043288974859,-30.44987038974859
1722857430463259,0.0059549,23.792723022971316,-8896.0,419915.90629517706,23.792723022971316,-29.18206737702868
1722857930483496,0.00590775,27.295922078746095,-9460.0,422956.7024261855,27.295922078746095,-28.591392921253906
1722858430496718,0.006084050000000001,95.33372311718546,-20631.0,425471.5580196569,95.33372311718546,-30.18631243281456
1722858930486757,0.00619865,50.88112778512738,-13333.0,428113.6497259972,50.88112778512738,-31.76547266487261
1722859430484310,0.0062737,-7.616545654762889,-3883.0,430881.885823021,-7.616545654762889,-31.977322754762888
1722859930486586,0.006353050000000001,-48.40083849693771,2527.0,434199.1753229414,-48.40083849693771,-32.34668114693771
1722860430479869,0.0061832,-146.48104286686615,18047.0,436913.875011727,-146.48104286686615,-34.89283246686615
1722860930468588,0.00606925,-123.02630522465971,14478.0,439502.6526261314,-123.02630522465971,-35.1557037246597
1722861430502743,0.00619105,6.671745906386657,-6836.0,443288.9591725433,6.671745906386657,-35.65027189361334
1722861930501990,0.006261,-113.24848964268186,12259.0,447031.18050202116,-113.24848964268186,-36.49489064268187
1722862430457449,0.006204599999999999,-178.28311256411158,22665.0,450392.5848472071,-178.28311256411158,-37.655853564111595
1722862930471626,0.00608325,-95.20191809197908,9570.0,453797.1206773811,-95.20191809197908,-36.98521559197908
1722863430488372,0.006219199999999999,-90.29828627366236,8613.0,456898.55405382946,-90.29828627366236,-36.73231667366236
1722863930470930,0.0061326,-40.21737866378777,509.0,459291.0394517825,-40.21737866378777,-37.09588526378777
1722864430459210,0.006017150000000001,-169.2366305730741,21788.0,461792.0603726398,-169.2366305730741,-38.13496637307409
1722864930502732,0.0064229000000000005,-36.527442471814126,-253.0,467075.2605035654,-36.527442471814126,-38.152436171814124
1722865430472360,0.00643305,-63.12561686183787,3995.0,473141.43810580525,-63.12561686183787,-37.42558211183787
1722865930458079,0.00669815,-17.488231254475004,-3005.0,478087.4855057157,-17.488231254475004,-37.616172004475004
1722866430500008,0.00675865,-5.639593834199838,-4904.0,482066.0129817388,-5.639593834199838,-38.784013434199835
1722866930453791,0.00678485,-32.70465090619254,-904.0,487706.31652037177,-32.70465090619254,-38.83815530619254
1722867430471792,0.0068655,-67.65835250359183,4245.0,491155.9066147499,-67.65835250359183,-38.51430500359183
1722867930453015,0.0069037000000000005,-39.36878780197873,242.0,493921.77489464055,-39.36878780197873,-37.698092401978734
1722868430463430,0.00687065,-61.40198182432996,3498.0,497102.5048068721,-61.40198182432996,-37.36844812432996
1722868930472934,0.00704075,72.46620192636759,-15867.0,499946.4193633182,72.46620192636759,-39.24937832363241
1722869430466084,0.00704625,110.86271590514319,-21320.0,503099.02957235585,110.86271590514319,-39.363334094856825
1722869930491377,0.0070101,19.230390121396965,-8435.0,505319.5603673142,19.230390121396965,-39.89980337860303
1722870447501192,0.0069898,-38.51587144451075,-203.0,507595.5157440259,-38.51587144451075,-39.934800844510754
1722870947454612,0.00709575,20.873217448904413,-8622.0,509811.8862956036,20.873217448904413,-40.306339051095584
1722871447464738,0.00702965,-70.65852889947358,4388.0,512485.2685179595,-70.65852889947358,-39.81242469947358
1722871947453393,0.00702645,-140.85740798540138,14388.0,514199.5920915362,-140.85740798540138,-39.76084538540138
1722872447457110,0.00714205,-3.2187728825379613,-5051.0,516008.2115061286,-3.2187728825379613,-39.29326743253796
1722872947489868,0.00712845,-11.131995862299185,-3902.0,517818.18123009877,-11.131995862299185,-38.947207762299186
1722873447482206,0.00715585,33.38460649591383,-10200.0,519511.15498113545,33.38460649591383,-39.605063504086175
1722873947963437,0.007176500000000001,-35.41734606859696,-498.0,521824.9085169225,-35.41734606859696,-38.991243068596965
1722874447986800,0.00749465,-7.824439356878096,-4115.0,526049.7943153604,-7.824439356878096,-38.6649241068781
1722874947980000,0.00748105,-68.80681954363719,4122.0,529399.2032436647,-68.80681954363719,-37.969931443637186
1722875447974465,0.007522050000000001,-138.5065534682319,13450.0,532399.3233056945,-138.5065534682319,-37.3349809682319
1722875947998249,0.0072835999999999994,-200.94766047112643,22052.0,535903.8965266746,-200.94766047112643,-40.32971327112645
1722876447961391,0.007286249999999999,-105.78978147999325,9052.0,538017.7905771487,-105.78978147999325,-39.83464647999325
1722876948002323,0.00727795,-163.8842505768767,17052.0,539344.1919509509,-163.8842505768767,-39.7806471768767
1722877447968501,0.00723485,-84.5008217542978,6052.0,540824.7307369828,-84.5008217542978,-40.7155095542978
1722877947989809,0.00728085,-100.37496534394863,8355.0,542182.0997801537,-100.37496534394863,-39.54346359394863
1722878447996085,0.00727355,-28.800732813284682,-1396.0,543524.05660102,-28.800732813284682,-38.954608613284684
1722878948002402,0.00723905,-72.23377262937413,4604.0,544370.542217868,-72.23377262937413,-38.905186429374126
1722879447971192,0.00729565,-91.8906814374112,7297.0,545248.4292106148,-91.8906814374112,-38.6543233874112
1722879947953529,0.00728755,-140.55166874918268,13982.0,545821.8728867306,-140.55166874918268,-38.65714464918268
1722880448003856,0.007327149999999999,72.28823733284591,-15018.0,547132.8872038192,72.28823733284591,-37.750901367154086
1722880947993123,0.007248,-7.780555695275274,-4018.0,548145.9175673578,-7.780555695275274,-36.903019695275276
1722881447960339,0.00718005,-108.24544644042207,9982.0,549143.601734946,-108.24544644042207,-36.57418734042207
1722881947956159,0.00713335,-165.3478987576684,17982.0,550003.9642346742,-165.3478987576684,-37.07599905766838
1722882448002924,0.00708115,-205.17035339579087,23594.0,551201.8250222572,-205.17035339579087,-38.09770029579087
1722882947963816,0.00714645,30.164388804389056,-9406.0,552007.273168393,30.164388804389056,-37.05511989561095
1722883447976245,0.0070749,-26.15013322052945,-1406.0,552462.3601986843,-26.15013322052945,-36.09744262052945
1722883947956240,0.00705385,-54.426760007408774,2594.0,553269.2721543745,-54.426760007408774,-36.12907310740877
1722884447999941,0.006986050000000001,-110.29924971643543,10594.0,553717.4429459329,-110.29924971643543,-36.28903601643542
1722884947967951,0.00705365,66.67517076145432,-14406.0,554558.0895022097,66.67517076145432,-34.939711138545675
1722885447966577,0.0070532500000000005,40.349825228040814,-10694.0,555557.716972011,40.349825228040814,-35.077630271959194
1722885947974870,0.0072113,117.83169332970708,-21694.0,557133.303667316,117.83169332970708,-38.61024887029292
1722886447999377,0.0071421,32.39554191203955,-9694.0,559067.9694197337,32.39554191203955,-36.83997548796046
1722886947969982,0.007045249999999999,-158.6459387508406,17306.0,560242.1776721786,-158.6459387508406,-36.720842250840604
1722887447998665,0.00699895,-216.83659963603182,25607.0,561286.1477270602,-216.83659963603182,-37.61448698603181
1722887947969345,0.007075049999999999,-19.947206492239278,-2393.0,562339.8595911164,-19.947206492239278,-36.87780114223928
1722888447964069,0.00716725,96.4908217956844,-18690.0,563671.7793383839,96.4908217956844,-37.46508070431561
1722888947995922,0.00714365,75.19920814005829,-15690.0,564483.3686781299,75.19920814005829,-36.884660359941705
1722889447998425,0.00716475,97.22175626100696,-18690.0,565146.2538698635,97.22175626100696,-36.68742123899304
1722889947987762,0.00719865,123.86121295508127,-22390.0,565759.5504653115,123.86121295508127,-37.31656054491873
1722890447981352,0.00714365,102.62950306359248,-19390.0,566251.6226120959,102.62950306359248,-35.8858704364075
1722890947961288,0.007112449999999999,2.8405464170258092,-5433.0,566966.5073581359,2.8405464170258092,-35.80139443297419
1722891447986631,0.00708575,-89.15690360158418,7567.0,567271.1655252783,-89.15690360158418,-35.53903335158417
1722891947983919,0.007156549999999999,-64.70223869127635,4164.0,568097.3974094406,-64.70223869127635,-34.90236449127635
1722892447983705,0.00716975,-83.24691983185122,6789.0,568996.1859688779,-83.24691983185122,-34.57148708185122
1722892947997995,0.00719555,-3.1323266304379533,-4211.0,570186.920652209,-3.1323266304379533,-33.432787680437954
1722893447983977,0.00718105,54.43551860395829,-12211.0,570502.9372163314,54.43551860395829,-33.252282946041696
1722893947982239,0.00715705,119.02677541916218,-21211.0,570682.5268400168,119.02677541916218,-32.78141213083781
1722894447973533,0.00709965,126.16307640520219,-22211.0,570760.9071428525,126.16307640520219,-31.527249744797814
1722894947989680,0.007086449999999999,140.2523075544071,-24211.0,570789.1556050768,140.2523075544071,-31.31773339559288
1722895447955741,0.00712835,135.4279828901032,-23504.0,571205.6868125452,135.4279828901032,-32.11675550989679
1722895947984057,0.007068049999999999,-61.683350268567914,4197.0,571917.2598350961,-61.683350268567914,-32.01874441856792
1722896447991561,0.007155399999999999,-83.85786325489512,7345.0,572761.2104975934,-83.85786325489512,-31.30145025489513
1722896948002351,0.0072346500000000005,-134.11823302372392,14345.0,573387.5252764832,-134.11823302372392,-30.337178773723906
1722897448009547,0.007214750000000001,-68.81782921994612,5345.0,573915.8096527922,-68.81782921994612,-30.254990469946115
1722897947989385,0.00724025,40.10477683684174,-9655.0,574314.9447627743,40.10477683684174,-29.79983691315826
1722898447972144,0.00721745,46.22812082731338,-10498.0,574569.1115329327,46.22812082731338,-29.54066927268662
1722898948000600,0.00721195,-13.650522035771665,-2191.0,574869.4091779228,-13.650522035771665,-29.451904485771664
1722899447992807,0.0072621,139.69336002109293,-23191.0,575488.9043411412,139.69336002109293,-28.722001078907056
1722899947980503,0.007196350000000001,132.62876884058372,-22191.0,576132.2447937573,132.62876884058372,-27.065434009416293
1722900447985064,0.007112,63.66197491280913,-12494.0,576716.0739021426,63.66197491280913,-25.19535308719088
1722900947964539,0.00711735,35.446415970546326,-8494.0,577085.472976245,35.446415970546326,-25.008354929453674
1722901447965609,0.007082649999999999,-5.074329987132641,-2788.0,577367.5664967822,-5.074329987132641,-24.82075818713264
1722901947990059,0.00710475,-54.62010988616101,4212.0,577672.199815707,-54.62010988616101,-24.69490288616101
1722902449458307,0.00704325,-61.75965454519015,5212.0,577904.8828090713,-61.75965454519015,-25.050235545190155
1722902949479994,0.00723145,95.40865925735616,-16788.0,578751.6551577009,95.40865925735616,-25.99292334264385
1722903449471963,0.007444350000000001,160.08822911584846,-25640.0,580354.6121080692,160.08822911584846,-30.78490488415156
1722903949477812,0.007495750000000001,97.98360397381089,-17298.0,582745.2448644615,97.98360397381089,-31.677879526189116
1722904449476571,0.0075812499999999994,125.3318726560999,-20888.0,584068.7520111455,125.3318726560999,-33.025277343900086
1722904949465336,0.00760635,110.38683691891846,-18879.0,585242.3937767338,110.38683691891846,-33.21344473108154
1722905449469331,0.00766045,139.01291419173262,-22539.0,586473.7495772616,139.01291419173262,-33.645968358267396
1722905949488820,0.0076142499999999995,130.98552236591175,-21456.0,587258.5610829628,130.98552236591175,-32.385825634088235
1722906449495374,0.0076485500000000005,95.65814481565226,-16804.0,588244.9866732868,95.65814481565226,-32.86808938434774
1722906949478105,0.0077380999999999995,58.53414798946238,-11804.0,589157.9238097793,58.53414798946238,-32.80638441053762
1722907449481954,0.0077275,-10.821042627530606,-2804.0,590563.5374776581,-10.821042627530606,-32.48895262753061
1722907949458676,0.00763215,-203.07650655996147,22196.0,591540.3909165714,-203.07650655996147,-33.67330515996147
1722908449468859,0.007574849999999999,-225.7234521189425,25196.0,592718.2861084015,-225.7234521189425,-34.86753151894251
1722908949492581,0.007590400000000001,-142.1403825827568,14196.0,593348.777217954,-142.1403825827568,-34.3870641827568
1722909449479205,0.0076659499999999995,26.164896113794896,-7804.0,593990.565971195,26.164896113794896,-33.6601776862051
1722909949466223,0.00767505,11.206598328136893,-5804.0,594632.3012686104,11.206598328136893,-33.33939187186311
1722910449501726,0.007640849999999999,64.86330997878957,-12804.0,595145.0368663316,64.86330997878957,-32.97013342121042
1722910949476428,0.0077103,149.28626086995413,-23804.0,595750.4195024546,149.28626086995413,-34.249720330045875
1722911449454880,0.00768865,80.21049411636379,-14804.0,596171.4280330504,80.21049411636379,-33.61228048363621
1722911949461360,0.007696949999999999,87.8874133997714,-15804.0,596702.9770696936,87.8874133997714,-33.755184400228586
1722912449499991,0.00763795,88.15849064696916,-15804.0,597161.7451299307,88.15849064696916,-32.55167115303085
1722912949464174,0.00767985,141.7703151683315,-22804.0,597399.0247873936,141.7703151683315,-33.36098423166851
1722913449460313,0.00767935,132.28957460052106,-21588.0,598024.0525182715,132.28957460052106,-33.49223319947893
1722913949454666,0.00772005,155.44289660325094,-24588.0,598724.8710734402,155.44289660325094,-34.377692796749045
1722914449458775,0.0076964500000000005,101.56328201055372,-17588.0,599224.6258291259,101.56328201055372,-33.8018805894463
1722914949473040,0.00770705,70.76994262542176,-13588.0,599440.5315169127,70.76994262542176,-33.95345277457824
1722915449478977,0.007736949999999999,70.90181717487225,-13588.0,599780.5572583807,70.90181717487225,-34.22785942512775
1722915949484576,0.0076710500000000004,55.50801096925988,-11588.0,599996.015802119,55.50801096925988,-33.38411643074013
1722916449491526,0.00770455,52.85652708389335,-11243.0,600254.4907639358,52.85652708389335,-33.76572856610665
1722916949461826,0.00761945,53.03014929781319,-11243.0,600469.0782006874,53.03014929781319,-32.6353270521868
1722917449498496,0.0077039,149.80980913276656,-23899.0,600733.8974631154,149.80980913276656,-34.305696967233445
1722917949479944,0.007747749999999999,126.8281206580558,-20899.0,601174.6409767937,126.8281206580558,-35.09210659194419
1722918449461063,0.00777595,148.5757223556496,-23672.0,601646.7335413472,148.5757223556496,-35.49656604435043
1722918949485176,0.00782565,78.41951019642889,-14672.0,602139.4211727151,78.41951019642889,-36.39842660357111
1722919449478868,0.00779815,23.09827529273286,-7570.0,602475.8373019382,23.09827529273286,-35.93372020726714
1722919949497631,0.00782805,15.635565582614188,-6570.0,603075.0139581626,15.635565582614188,-35.79472291738581
1722920449467605,0.00797325,151.44890045972295,-23780.0,604018.1427473364,151.44890045972295,-38.15498454027704
1722920949463271,0.00795205,95.90112821576666,-16780.0,605107.9487292267,95.90112821576666,-37.53427078423336
1722921449485733,0.00792165,17.706743611299963,-6905.0,605775.5931500078,17.706743611299963,-36.99224963870004
1722921949475184,0.00793085,57.54711959649176,-11905.0,606436.1759252197,57.54711959649176,-36.86964965350824
1722922449515341,0.007876999999999999,-18.301493258341612,-2274.0,606987.7618748997,-18.301493258341612,-36.21379125834161
1722922949496363,0.00799385,43.339309406663894,-10012.0,607600.4347924092,43.339309406663894,-36.695116793336105
1722923449471306,0.00811225,123.46708966298792,-20016.0,608828.6674740207,123.46708966298792,-38.90770633701209
1722923949480140,0.0080983,123.50872900877866,-20016.0,609591.8160235278,123.50872900877866,-38.58684379122133
1722924449470177,0.00816905,125.52167764985023,-20213.0,610431.2233795865,125.52167764985023,-39.59933000014979
1722924949460257,0.00803835,69.26017177726514,-13217.0,611070.3628413851,69.26017177726514,-36.98270017273485
1722925449475113,0.008078450000000001,-7.5691644254461785,-3593.0,611548.5540856712,-7.5691644254461785,-36.59503527544618
1722925949462762,0.00809735,24.89744053466705,-7593.0,612066.6744970067,24.89744053466705,-36.58573801533295
1722926449444437,0.00808065,2.756930859301267,-4836.0,613130.8596045407,2.756930859301267,-36.32109254069873
1722926949456149,0.00807275,19.070416352057066,-6836.0,613679.5502625703,19.070416352057066,-36.114902647942934
1722927451500324,0.008043149999999999,-1.9566318469733863,-4205.0,614007.5985474868,-1.9566318469733863,-35.77807759697338
1722927951476658,0.00801045,-33.954557555698614,-205.0,614424.6696596625,-33.954557555698614,-35.59669980569861
1722928452478228,0.00796555,-65.71888325836186,3795.0,614728.827312092,-65.71888325836186,-35.48962100836185
1722928952485857,0.007964200000000001,-143.74803898357757,13593.0,615071.6785270903,-143.74803898357757,-35.49066838357756
1722929452497879,0.00795675,-210.6880041182124,22050.0,615424.3131070251,-210.6880041182124,-35.241666618212406
1722929952487055,0.00801895,-167.79100790884763,16677.0,615668.9121111631,-167.79100790884763,-34.058978758847616
1722930452517285,0.008058349999999999,-159.7571818731781,15677.0,615901.7188444464,-159.7571818731781,-33.42642892317812
1722930952464999,0.008014750000000001,-151.68909707682369,14677.0,616150.4599370208,-151.68909707682369,-34.05661132682367
1722931453479312,0.00798255,-183.6419665399528,18677.0,616453.8610190855,-183.6419665399528,-34.55188018995278
1722931953492757,0.00798195,-207.62235208021193,21677.0,616829.2546757907,-207.62235208021193,-34.59762193021194
1722932453461682,0.00792035,-232.87117371663564,24858.0,617219.4257680888,-232.87117371663564,-35.98711341663565
1722932953451133,0.00786255,-241.03488867136986,25895.0,617574.4234787646,-241.03488867136986,-37.43415642136986
1722933453471016,0.00772745,-240.68467386311414,25895.0,618571.4957628032,-240.68467386311414,-40.582356113114145
1722933953472076,0.007766749999999999,-170.87197233818932,16895.0,619029.2326498362,-170.87197233818932,-39.65273108818934
1722934453483176,0.0078202,-84.65311133840672,5844.0,620075.4995117977,-84.65311133840672,-38.95186253840672
1722934953463905,0.007713299999999999,-58.95261654566454,2559.0,620392.0608821829,-58.95261654566454,-39.214281845664544
1722935453470167,0.0077502000000000005,-227.75482698757887,24467.0,621101.49181282,-227.75482698757887,-38.13068358757886
1722935953454234,0.0077252499999999995,-230.19218020220973,24788.0,621408.6379935164,-230.19218020220973,-38.698683202209736
1722936453486755,0.0077370500000000005,-214.72360502975692,22788.0,621578.9793768943,-214.72360502975692,-38.4117096297569
1722936953476629,0.00775285,-198.94972225877652,20788.0,622309.3523887491,-198.94972225877652,-37.783476458776505
1722937453455978,0.00776665,-168.05747680411585,16788.0,622681.4301870792,-168.05747680411585,-37.670956604115844
1722937953456938,0.00769705,-175.5987612146212,17788.0,623152.5825253167,-175.5987612146212,-38.6836358146212
1722938453496245,0.00777905,-90.20650413083024,6788.0,623486.4824263928,-90.20650413083024,-37.40231273083024
1722938953497534,0.00774385,-136.4993146086526,12788.0,623935.5195782228,-136.4993146086526,-37.470960808652606
1722939453466873,0.00769785,-120.72526310040566,10788.0,624337.2698787408,-120.72526310040566,-37.68085730040565
1722939953459095,0.00766325,-212.61700796931572,22788.0,624873.429502315,-212.61700796931572,-37.98686696931571
1722940453497057,0.007702550000000001,-155.6574844087457,15412.0,625433.9331157778,-155.6574844087457,-36.945783808745674
1722940953484133,0.00769415,-86.1309673291233,6412.0,625827.1427522991,-86.1309673291233,-36.796077529123295
1722941453473461,0.007674449999999999,-101.32023987017003,8412.0,626271.737509,-101.32023987017003,-36.762766470170035
1722941953467225,0.00768865,-116.56734713799013,10412.0,626517.2323990691,-116.56734713799013,-36.51312333799012
1722942453480070,0.00765445,-154.61700487696348,15412.0,627168.4454949024,-154.61700487696348,-36.646621476963475
1722942953495865,0.00767595,-200.7248626322385,21412.0,627475.376987374,-200.7248626322385,-36.36742123223851
1722943453460511,0.00764235,-139.71120280437327,13412.0,627796.4772851415,-139.71120280437327,-37.21200460437328
1722943953468729,0.00764305,-139.6611753620412,13412.0,628192.7224554123,-139.6611753620412,-37.152588762041205
1722944453452179,0.00767275,-131.6473025902624,12414.0,628660.4563680282,-131.6473025902624,-36.397784090262405
1722944953500086,0.0076957499999999995,-54.81344783214847,2414.0,629076.0898289421,-54.81344783214847,-36.23590733214847
1722945453460915,0.00766135,52.70392277064094,-11586.0,629383.0214888265,52.70392277064094,-36.06047832935906
1722945953499822,0.0076228500000000005,6.864635386534089,-5586.0,629734.8377848696,6.864635386534089,-35.71660471346591
1722946453460245,0.00764295,60.248712481472424,-12586.0,629970.9715761982,60.248712481472424,-35.94545621852758
1722946953468927,0.0077176499999999995,103.5102181421671,-18240.0,630510.3727570237,103.5102181421671,-37.2597178578329
1722947453497955,0.00773015,142.17155167135596,-23240.0,630965.9664662512,142.17155167135596,-37.47713432864404
1722947953449864,0.00763165,134.61873014906527,-22240.0,631509.825079187,134.61873014906527,-35.109165850934744
1722948453483038,0.007611049999999999,106.80474159078656,-18572.0,631888.0685864929,106.80474159078656,-34.547679009213425
1722948953458987,0.00754215,76.72661453139223,-14572.0,632252.3178219972,76.72661453139223,-33.177595268607774
1722949453479474,0.00756055,54.20150391060288,-11572.0,632759.7433833447,54.20150391060288,-33.289180689397114
1722949953491687,0.00760835,53.32319096799967,-11437.0,632970.9872171475,53.32319096799967,-33.69350798200032
1722950453494758,0.00756425,61.1175796901931,-12437.0,633191.070147031,61.1175796901931,-32.9589975598069
1722950953487861,0.0077179,71.00769943201936,-13437.0,634338.606792826,71.00769943201936,-32.69772286798063
1722951453485061,0.007596250000000001,17.003729080690665,-6259.0,636442.6251346535,17.003729080690665,-30.54119966930934
1722951953453459,0.007492749999999999,-32.981603198153856,360.0,637643.7359789766,-32.981603198153856,-30.284213198153857
1722952453496696,0.007555350000000001,43.17702540326153,-9640.0,638878.2951929398,43.17702540326153,-29.65654859673848
1722952953457126,0.00763125,111.73851025698599,-18640.0,639813.8957257185,111.73851025698599,-30.507989743014008
1722953453456268,0.00784915,103.68412367693965,-17640.0,642478.7553761947,103.68412367693965,-34.77488232306034
1722953953482449,0.00793035,135.1723307174067,-21561.0,645301.4672612663,135.1723307174067,-35.81394563259326
1722954453459375,0.00793085,135.18993417586833,-21561.0,647209.467849392,135.18993417586833,-35.807122674131676
1722954953489780,0.00788235,-42.513474534679474,1076.0,648617.430503413,-42.513474534679474,-34.03206593467947
1722955453491417,0.00791525,36.64424899422143,-8924.0,649406.8335557382,36.64424899422143,-33.99144200577858
1722955953481796,0.00792675,56.68716623004774,-11413.0,650321.4487576918,56.68716623004774,-33.78083151995226
1722956453485485,0.00786725,2.316557157726189,-4481.0,650944.8970060601,2.316557157726189,-32.93659009227381
1722956953482928,0.007916099999999999,-10.379391608721988,-2845.0,651792.3541922345,-10.379391608721988,-32.90069610872199
1722957453506924,0.007814749999999999,-20.188636954096864,-1578.0,652631.8234260301,-20.188636954096864,-32.52031245409686
1722957953464661,0.00783445,-62.091239835000586,3784.0,653429.371043009,-62.091239835000586,-32.44568103500059
1722958453490049,0.00776465,-69.70776480079715,4784.0,654198.4595855284,-69.70776480079715,-32.56167920079715
1722958953464948,0.00781205,0.526392286522329,-4216.0,654751.1982868754,0.526392286522329,-32.40921051347767
1722959453481816,0.00781895,-95.99254264206661,8142.0,655170.1787612436,-95.99254264206661,-32.330651742066614
1722959953478364,0.00787465,92.74842357262685,-15858.0,655609.9566991493,92.74842357262685,-32.12777612737315
1722960453481164,0.00785575,129.4940891293446,-20498.0,656401.4978140699,129.4940891293446,-31.533074370655413
1722960953450496,0.00795595,121.5103970632283,-19488.0,657308.399039556,121.5103970632283,-33.53515653677171
1722961453483619,0.00788985,105.93267035720493,-17488.0,658023.4428628094,105.93267035720493,-32.04502644279509
1722961953480780,0.00784865,16.941581091059113,-6140.0,658610.0726060555,16.941581091059113,-31.249129908940887
1722962453450729,0.00793465,40.82580665056347,-9140.0,658917.7299180024,40.82580665056347,-31.696894349436526
1722962953501599,0.00802965,113.12640282765658,-18140.0,659644.8306942927,113.12640282765658,-32.53144817234342
1722963453483683,0.008030849999999999,134.857922401038,-20881.0,660550.0507682761,134.857922401038,-32.83425644896198
1722963953451954,0.00803245,124.07352048705526,-19504.0,661148.781738659,124.07352048705526,-32.591384312944726
1722964453469750,0.008027349999999999,156.21569674555,-23504.0,661470.6416349346,156.21569674555,-32.45913765444999
1722964953498993,0.008002849999999999,148.33355799881195,-22504.0,661958.156193899,148.33355799881195,-31.762578401188023
1722965453494170,0.00798245,76.70403978176985,-13504.0,662253.0065172334,76.70403978176985,-31.09096501823015
1722965953467529,0.00789445,29.22508012157946,-7495.0,662585.890935868,29.22508012157946,-29.94382262842055
1722966453463004,0.00788285,29.29332169044957,-7495.0,662822.5683958936,29.29332169044957,-29.78863905955043
1722966953459297,0.00789695,105.40889575785768,-17129.0,662961.8915960734,105.40889575785768,-29.857960792142322
1722967453470746,0.00787785,74.06935399685504,-13129.0,663197.7591294884,74.06935399685504,-29.35893865314496
1722967953481072,0.00790465,26.8466620089986,-7129.0,663434.1218499561,26.8466620089986,-29.505587841001393
1722968453447332,0.007885,82.41655346864411,-14129.0,663679.6067726584,82.41655346864411,-28.99061153135588
1722968953460914,0.00789345,42.96272747707004,-9129.0,663876.9293852755,42.96272747707004,-29.096577572929952
1722969453493102,0.00795415,74.90471939400479,-13129.0,664193.9722895162,74.90471939400479,-29.52531595599521
1722969953492194,0.00794125,59.109218537659956,-11129.0,664336.5688378854,59.109218537659956,-29.268952712340052
1722970453459883,0.00794375,11.30708411647418,-5129.0,664559.7348372915,11.30708411647418,-29.43640963352582
1722970953488710,0.00788835,-28.164192660943815,-129.0,664757.4772254656,-28.164192660943815,-29.181789810943815
1722971453477511,0.00784565,-136.10937314158252,13641.0,665054.0908289691,-136.10937314158252,-29.08686149158254
1722971953400037,0.00786015,-170.15790442649234,18001.0,665286.4373225864,-170.15790442649234,-28.667344276492344
1722972453453676,0.00792545,-130.66316560189625,13001.0,665530.943022279,-130.66316560189625,-27.62439015189625
1722972953500876,0.00788125,-178.13608762058848,19001.0,665783.9319802012,-178.13608762058848,-28.38445637058851
1722973453478460,0.00791825,-179.8103013814424,19207.0,665928.1716409705,-179.8103013814424,-27.724473631442407
1722973953489286,0.00789145,-211.34868739054625,23207.0,666181.148639431,-211.34868739054625,-28.21180724054625
1722974453449933,0.00788125,-124.6572444346305,12207.0,666409.5075773314,-124.6572444346305,-28.4508256846305
1722974953469673,0.00785775,-61.91654793372127,4207.0,666738.4067255759,-61.91654793372127,-28.858993683721266
1722975453461190,0.007839249999999999,-93.32996218570187,8207.0,667259.4019316846,-93.32996218570187,-28.993237435701886
1722975953468903,0.007861449999999999,-70.03059178226576,5207.0,667724.6557262499,-70.03059178226576,-29.096021632265767
1722976453487740,0.00791595,0.9674898326268853,-3793.0,667921.8638789564,0.9674898326268853,-29.057708517373115
1722976953500547,0.00793425,-25.98373848916978,-419.0,668165.3248602458,-25.98373848916978,-29.30818923916978
1722977453467767,0.00785065,-70.30260223793015,5218.0,668429.5729928295,-70.30260223793015,-29.337910537930142
1722977953474975,0.00787505,-93.82139242143025,8209.0,668626.0520688026,-93.82139242143025,-29.175106971430253
1722978453454092,0.00787025,-109.73189777013803,10218.0,668910.2379668982,-109.73189777013803,-29.31368327013803
1722978953484277,0.00785575,-109.63560921635619,10218.0,669240.5227820916,-109.63560921635619,-29.365555716356184
1722979453478044,0.00789655,-70.28333645327577,5218.0,669531.7185081406,-70.28333645327577,-29.07913855327576
1722979953452025,0.007903750000000001,-157.20471550865412,16218.0,669681.9985388473,-157.20471550865412,-29.021698008654113
1722980454455849,0.00789135,-196.6803063984456,21218.0,669784.8862133698,-196.6803063984456,-29.241642098445595
1722980954451938,0.00789275,-243.9588668671526,27218.0,669879.4522836906,-243.9588668671526,-29.133997367152602
1722981454496307,0.00791845,-220.29109475595902,24218.0,669966.3413283174,-220.29109475595902,-28.522072655959022
1722981954498162,0.00798095,-220.43565955325585,24218.0,670379.8891291898,-220.43565955325585,-27.153012453255826
1722982454493472,0.00802205,-60.100876265388514,4218.0,670940.4369541922,-60.100876265388514,-26.263869365388516
1722982954469710,0.00804075,-36.06129163949149,1218.0,671382.6310448322,-36.06129163949149,-26.267658139491495
1722983454476337,0.00778915,-191.40325538846997,20852.0,672492.9721543674,-191.40325538846997,-28.983899588469967
1722983954488324,0.00782085,-199.0304785593192,21852.0,673575.6645424996,-199.0304785593192,-28.129264359319166
1722984454490810,0.00783545,-199.1125141438981,21852.0,673747.3450266493,-199.1125141438981,-27.892260743898078
1722984954499072,0.00781725,-175.70679039545658,18852.0,673911.4624181187,-175.70679039545658,-28.335993395456597
1722985454982772,0.0077842499999999995,-230.28561635301162,25852.0,674012.668822501,-230.28561635301162,-29.047185353011628
1722985954990330,0.007816449999999999,-222.46164377021333,24852.0,674255.1610301386,-222.46164377021333,-28.207228370213357
1722986454980245,0.007788949999999999,-222.4349090377556,24852.0,674442.1992785956,-222.4349090377556,-28.86392363775562
1722986954991726,0.00774175,-230.015792934724,25852.0,674697.9288049001,-230.015792934724,-29.876071934723996
1722987454961376,0.00773435,-214.51862671209344,23852.0,674914.6471710462,-214.51862671209344,-30.038910512093423
1722987954989943,0.00769625,-229.93332530229208,25852.0,675115.0685224067,-229.93332530229208,-30.969870302292065
1722988454964994,0.00770235,-222.17141721348213,24852.0,675261.5469252504,-222.17141721348213,-30.752615013482114
1722988799947411,0.00773575,-222.147319230043,24852.0,675369.7092195343,-222.147319230043,-29.898460230043014
