timestamp,mid,cash,inventory,turnover,realized_pnl,mtm_pnl
1722470901998865,0.01105505,-22.19129369556466,2000.0,88.40132037956803,-22.19129369556466,-0.08119369556466083
1722471401954092,0.01108035,-22.183202045652394,2000.0,110.48868449409112,-22.183202045652394,-0.022502045652394997
1722471901956450,0.011007949999999999,-55.27974743073541,5000.0,143.58522987917414,-55.27974743073541,-0.23999743073541424
1722472401998316,0.01104165,-33.223768375181216,3000.0,209.6167078931626,-33.223768375181216,-0.09881837518121728
1722472901970235,0.01109895,-33.223768375181216,3000.0,209.6167078931626,-33.223768375181216,0.07308162481878355
1722473401973035,0.01107465,-44.272159248503115,4000.0,264.8862586716223,-44.272159248503115,0.026440751496885184
1722473901998135,0.01111645,-44.272159248503115,4000.0,264.8862586716223,-44.272159248503115,0.1936407514968863
1722474401993537,0.011096149999999999,-22.025349004267877,2000.0,309.3992895741453,-22.025349004267877,0.16695099573212246
1722474901971195,0.01101815,-33.095172058198386,3000.0,364.586456400526,-33.095172058198386,-0.04072205819838359
1722475401975971,0.01098115,-22.047096171112692,2000.0,441.5959215387341,-22.047096171112692,-0.08479617111269278
1722475901961236,0.01100285,-10.992385915390956,1000.0,474.60215470445615,-10.992385915390956,0.010464084609044022
1722476401958182,0.01100895,-21.775054227397202,2000.0,639.1632082339495,-21.775054227397202,0.2428457726027986
1722476901961653,0.01108795,55.650965346898,-5000.0,805.2980130931948,55.650965346898,0.21121534689800114
1722477401970795,0.01106365,33.571654802832015,-3000.0,871.7114069484718,33.571654802832015,0.3807048028320139
1722477901970966,0.01105475,33.63049750907154,-3000.0,938.0581593595076,33.63049750907154,0.4662475090715361
1722478401956349,0.01110075,11.548592900193146,-1000.0,982.320987406036,11.548592900193146,0.4478429001931463
1722478901991310,0.01100055,55.60064352860409,-5000.0,1092.7780500121844,55.60064352860409,0.5978935286040894
1722479401986899,0.01100715,66.64522741707916,-6000.0,1169.8025803203077,66.64522741707916,0.6023274170791524
1722479901972550,0.01104155,66.64522741707916,-6000.0,1169.8025803203077,66.64522741707916,0.39592741707915025
1722480401983862,0.011000349999999999,55.62624464682944,-5000.0,1247.018929826345,55.62624464682944,0.6244946468294472
1722480901996935,0.01102895,22.556300269808162,-2000.0,1280.0888742033662,22.556300269808162,0.49840026980816177
1722481401987945,0.010982249999999999,33.58760370122158,-3000.0,1313.1062091390759,33.58760370122158,0.6408537012215874
1722481901967944,0.01093715,-64.86920649441457,6000.0,1455.1981008933772,-64.86920649441457,0.7536935055854315
1722482402002918,0.01093995,-54.20822604608026,5030.0,1531.4817342821527,-54.20822604608026,0.8197224539197379
1722482901964368,0.01101265,-43.26340971360705,4030.0,1542.426550614626,-43.26340971360705,1.1175697863929557
1722483401966477,0.01099675,-65.27042729995978,6030.0,1608.5537233406344,-65.27042729995978,1.0399752000402174
1722483902000159,0.01098725,-65.27042729995978,6030.0,1608.5537233406344,-65.27042729995978,0.9826902000402242
1722484401996327,0.01098565,-76.24584180550237,7030.0,1641.5386540480663,-76.24584180550237,0.9832776944976303
1722484901979521,0.01092425,-76.25103617465933,7030.0,1663.432940780592,-76.25103617465933,0.5464413253406661
1722485401992986,0.010955949999999999,-54.35370780065486,5030.0,1707.1678792429352,-54.35370780065486,0.7547206993451354
1722485901976787,0.01087975,-108.88786018571291,10030.0,1761.702031627993,-108.88786018571291,0.23603231428710103
1722486401964767,0.01067485,-13.814966750802936,1030.0,2266.891347643436,-13.814966750802936,-2.8198712508029367
1722486902002744,0.01066845,-141.7038723038685,13030.0,3245.5613179556117,-141.7038723038685,-2.6939688038685006
1722487401982563,0.010651250000000001,-162.9427155645921,15030.0,3564.8363705840384,-162.9427155645921,-2.854428064592099
1722487901965592,0.01051355,-31.233471326584965,2499.0,5019.447520539105,-31.233471326584965,-4.960109876584966
1722488401998861,0.01048395,-102.20184163161169,9279.0,5405.163743996834,-102.20184163161169,-4.921269581611682
1722488901956824,0.01049755,12.59679195186534,-1721.0,6145.545668271752,12.59679195186534,-5.469491598134658
1722489401964301,0.01056355,65.17875034060054,-6721.0,6324.500243287668,65.17875034060054,-5.818869209399452
1722489901991782,0.010588750000000001,118.03444777109453,-11721.0,6440.801761373133,118.03444777109453,-6.076290978905476
1722490401977772,0.01060735,160.51065787799723,-15721.0,6589.335407354893,160.51065787799723,-6.247491472002764
1722490901897353,0.01058625,192.31588540654428,-18721.0,6642.319116191592,192.31588540654428,-5.869300843455733
1722491401997546,0.01063945,256.1268880506341,-24721.0,6748.563349622006,256.1268880506341,-6.890955399365907
1722491902001214,0.01065585,245.4776855021773,-23721.0,6801.806728624628,245.4776855021773,-7.289732347822678
1722492401985123,0.01060765,202.96279465524216,-19721.0,6865.610403428707,202.96279465524216,-6.230670994757844
1722492901987785,0.01056285,107.9392595624295,-10721.0,6981.722600519684,107.9392595624295,-5.305055287570511
1722493401995069,0.01056815,65.86163142061979,-6721.0,7066.104069489988,65.86163142061979,-5.166904729380221
1722493902012106,0.01056525,55.28129378471104,-5721.0,7076.6844071258965,55.28129378471104,-5.162501465288962
1722494401967974,0.01057465,129.13670160217364,-12721.0,7171.658517251371,129.13670160217364,-5.383421047826346
1722494901983059,0.01059875,145.31830399307566,-14247.0,7219.104937088392,145.31830399307566,-5.682087256924348
1722495401997210,0.01052705,40.0742945387769,-4247.0,7387.50643674351,40.0742945387769,-4.634086811223099
1722495901999213,0.01049615,19.11894797480292,-2247.0,7597.232186113703,19.11894797480292,-4.465901075197078
1722496401981215,0.01058785,-1.8708619399102968,-247.0,7681.455239046214,-1.8708619399102968,-4.486060889910297
1722496901983425,0.01056125,40.516866813551616,-4247.0,7766.13788837966,40.516866813551616,-4.336761936448383
1722497401984660,0.01054605,40.516866813551616,-4247.0,7766.13788837966,40.516866813551616,-4.272207536448384
1722497901956256,0.01055055,19.460360365296225,-2247.0,7808.274539849695,19.460360365296225,-4.246725484703777
1722498401991630,0.01055335,61.651257496103895,-6247.0,7871.554914497153,61.651257496103895,-4.275519953896108
1722498901998720,0.010525050000000001,61.675170567921285,-6247.0,7934.951260102375,61.675170567921285,-4.074816782078727
1722499403952777,0.01053485,61.70614711034918,-6247.0,8040.190236012885,61.70614711034918,-4.105060839650818
1722499903972707,0.010527149999999999,72.23912670251583,-7247.0,8071.7871652446165,72.23912670251583,-4.051129347484164
1722500403979272,0.01053105,77.27735237876294,-7723.0,8097.889101205145,77.27735237876294,-4.053946771237065
1722500903978144,0.01054515,56.22916725416415,-5723.0,8203.249113455298,56.22916725416415,-4.120726195835843
1722501403992296,0.01059175,119.631871565017,-11723.0,8266.651817766151,119.631871565017,-4.535213684983006
1722501903962815,0.01057595,130.23387487579103,-12723.0,8298.44241289616,130.23387487579103,-4.323936974208976
1722502403989372,0.010591050000000001,140.81028926339988,-13723.0,8309.01882728377,140.81028926339988,-4.530689886600129
1722502903992376,0.01059275,119.6275672913289,-11723.0,8351.390060147534,119.6275672913289,-4.551240958671102
1722503404482723,0.01060055,119.6275672913289,-11723.0,8351.390060147534,119.6275672913289,-4.6426803586711
1722503904497538,0.01061585,172.76250695091457,-16723.0,8446.957098129285,172.76250695091457,-4.7663525990854225
1722504404962093,0.01059455,183.40036613492381,-17723.0,8500.013239860053,183.40036613492381,-4.3668435150761695
1722504904972909,0.01057185,178.4150100015731,-17249.0,8610.86431359968,178.4150100015731,-3.938830648426915
1722505404989796,0.01055815,199.60888303045644,-19249.0,8653.177664759924,199.60888303045644,-3.624946319543568
1722505904964486,0.01053005,199.631643441934,-19249.0,8695.327555285041,199.631643441934,-3.061289008065984
1722506404979165,0.010527749999999999,210.15921827329086,-20249.0,8705.855130116397,210.15921827329086,-3.0171914767091152
1722506904954602,0.01053115,220.71843672277515,-21249.0,8758.469664806122,220.71843672277515,-3.0579696272248498
1722507404962022,0.01055625,220.74136855325065,-21249.0,8779.542194887841,220.74136855325065,-3.5683876967493404
1722507904993950,0.010543750000000001,215.3364811982273,-20736.0,8816.272724375189,215.3364811982273,-3.2987188017727362
1722508404952992,0.01056275,204.77602190227444,-19736.0,8826.83318367114,204.77602190227444,-3.690412097725556
1722508904952716,0.01056275,225.93190729657942,-21736.0,8847.989069065445,225.93190729657942,-3.660026703420556
1722509404980635,0.01058585,268.2541196715989,-25736.0,8911.43667564914,268.2541196715989,-4.1833159284011
1722509904955615,0.01058775,257.67264208165756,-24736.0,8922.018153239082,257.67264208165756,-4.225941918342414
1722510404981921,0.010545849999999999,247.09076669401185,-23736.0,9017.020259796858,247.09076669401185,-3.225528905988142
1722510904975853,0.010513950000000001,205.01969604309934,-19736.0,9059.091330447769,205.01969604309934,-2.483621156900682
1722511404973093,0.01051175,163.13484754866695,-15736.0,9164.043923086958,163.13484754866695,-2.2780504513330584
1722511905002277,0.01046655,47.80332541569008,-4736.0,9279.375445219934,47.80332541569008,-1.7662553843099147
1722512404981991,0.01041775,-77.54065734834069,7264.0,9425.571203354279,-77.54065734834069,-1.866121348340684
1722512904976503,0.01047455,-119.01537266833834,11264.0,9571.307326979773,-119.01537266833834,-1.0300414683383536
1722513404982633,0.01048695,-108.53151255531458,10264.0,9644.678386830705,-108.53151255531458,-0.8934577553145715
1722513904981435,0.01050065,-77.24801917908171,7264.0,9759.630968561869,-77.24801917908171,-0.9712975790817069
1722514404996752,0.01052385,6.631913192516595,-736.0,9969.49671224918,6.631913192516595,-1.1136404074834054
1722514904978436,0.01061175,183.59382089675557,-17436.0,10492.686028766995,183.59382089675557,-1.4326521032444077
1722515404961039,0.01056065,173.00700324155875,-16436.0,10672.324262838729,173.00700324155875,-0.5678401584412427
1722515904994926,0.01061395,183.55153649464967,-17436.0,10831.081657117371,183.55153649464967,-1.5132957053503446
1722516404995623,0.01058665,204.8154777252577,-19436.0,10894.722932612973,204.8154777252577,-0.9466516747422986
1722516904972385,0.01063495,215.44777994489564,-20436.0,10947.787878560932,215.44777994489564,-1.8880582551043688
1722517404977809,0.01063895,268.722657064463,-25436.0,11001.062755680501,268.722657064463,-1.8896751355369474
1722517904956138,0.01057315,268.6668032837239,-25436.0,11107.065010569477,268.6668032837239,-0.2718401162761097
1722518404976185,0.01054395,258.1060376161679,-24436.0,11223.153059323071,258.1060376161679,0.45407541616788194
1722518904998579,0.010520950000000001,273.6349114478246,-25913.0,11343.899167441936,273.6349114478246,1.0055340978245795
1722519404953539,0.01040125,127.12985603355922,-11913.0,11595.215468561188,127.12985603355922,3.2197647835592136
1722519904973296,0.01046365,33.77757582057664,-2913.0,11855.124975288443,33.77757582057664,3.2969633705766377
1722520404969024,0.010443049999999999,-28.670447593889307,3087.0,12001.31088710499,-28.670447593889307,3.567247756110689
1722520904971078,0.01043405,-36.882920757750924,3885.0,12197.614569899375,-36.882920757750924,3.6533634922490776
1722521404979827,0.01040515,-99.19790397552448,9885.0,12280.840629484037,-99.19790397552448,3.6570037744755126
1722521904984499,0.010391049999999999,-109.5886242732079,10885.0,12395.244219035041,-109.5886242732079,3.5179549767920832
1722522405008330,0.01031485,-153.13084278599888,15103.0,12697.188997425677,-153.13084278599888,2.6543367640011297
1722522904976878,0.01020295,-122.92834531219947,12103.0,13850.878212744725,-122.92834531219947,0.5579585378005447
1722523404966866,0.01017475,-81.90623608311797,8103.0,14034.900851473632,-81.90623608311797,0.5397631668820253
1722523904962119,0.01007985,-81.813285229593,8103.0,14721.871216091933,-81.813285229593,-0.1362606795930077
1722524404979640,0.01001105,2.958926900553295,-315.0,15088.572357296198,2.958926900553295,-0.19455384944670495
1722524904995827,0.01003145,17.654469885660568,-1721.0,17558.435847506084,17.654469885660568,0.3903444356605661
1722525404987166,0.01009815,84.5086176924072,-8355.0,18111.96177690579,84.5086176924072,0.1385744424072044
1722525904995771,0.010148850000000001,-37.25507435917122,3694.0,19383.3521765467,-37.25507435917122,0.23477754082878732
1722526404969809,0.01018005,94.74768587078924,-9306.0,20144.002991205667,94.74768587078924,0.012140570789242133
1722526904997523,0.01018875,109.70605012096031,-10778.0,20903.995651537723,109.70605012096031,-0.1082973790396835
1722527404962037,0.01016135,109.81905323490659,-10778.0,21371.580147836125,109.81905323490659,0.30002293490659326
1722527905012242,0.01015855,176.1080977086466,-17284.0,21610.433333879242,176.1080977086466,0.5277195086465838
1722528406980883,0.010183850000000001,64.76208044633645,-6189.0,23217.087776556644,64.76208044633645,1.7342327963364497
1722528906983915,0.01008475,-17.543819145148234,1941.0,23793.93734552569,-17.543819145148234,2.030680604851767
1722529406989677,0.01006595,-27.60679761711264,2941.0,24467.495167282676,-27.60679761711264,1.9971613328873623
1722529906988491,0.010006049999999999,22.58863464895093,-2059.0,25518.539912829157,22.58863464895093,1.9861776989509323
1722530406999564,0.00990835,-47.298563907905006,4941.0,26958.280530487697,-47.298563907905006,1.6585934420949897
1722530906984809,0.01005265,-37.01777807957906,3901.0,27568.699526732424,-37.01777807957906,2.197609570420937
1722531406995667,0.01002315,-26.843178558202524,2901.0,27880.566458607045,-26.843178558202524,2.2339795917974747
1722531906983004,0.00995095,-46.94051337806468,4901.0,28219.912772052863,-46.94051337806468,1.8290925719353197
1722532406991050,0.00995435,-56.82877139718604,5901.0,28709.25280622271,-56.82877139718604,1.9118479528139645
1722532906961982,0.01001465,-7.00330919439876,901.0,28898.952219960698,-7.00330919439876,2.0198904556012405
1722533406970516,0.00998775,-66.810821193047,6901.0,29038.70103693862,-66.810821193047,2.1146415569529893
1722533907000900,0.00999895,23.194814564712853,-2099.0,29248.82544785178,23.194814564712853,2.2070185147128534
1722534406978069,0.00996565,-6.614728991592415,901.0,29497.530285417128,-6.614728991592415,2.364321658407585
1722534906983712,0.01002215,163.68783609212466,-16099.0,29968.067136132,163.68783609212466,2.341243242124648
1722535406976514,0.010025550000000001,233.98685391353413,-23099.0,30138.661903556625,233.98685391353413,2.4066744635341024
1722535906971514,0.00981625,17.463289357488723,-1097.0,31748.23365565231,17.463289357488723,6.694863107488722
1722536406965553,0.00998915,65.03967841056075,-5767.0,33428.621469364705,65.03967841056075,7.432250360560751
1722536906967845,0.00999585,48.64967238855701,-4108.0,34084.03722595069,48.64967238855701,7.586720588557007
1722537406973093,0.00989545,-8.748490865372533,1702.0,34611.32426669182,-8.748490865372533,8.093565034627469
1722537906966602,0.00982425,-43.74100869433104,5251.0,34989.54865258163,-43.74100869433104,7.846128055668956
1722538406991328,0.00985645,33.532623855616016,-2598.0,35479.998573880715,33.532623855616016,7.925566755616018
1722538906985464,0.009907550000000001,23.575942938721766,-1598.0,35648.21904868281,23.575942938721766,7.7436780387217645
1722539406988424,0.009935349999999999,8.746774716866984,-101.0,35851.79121343392,8.746774716866984,7.743304366866984
1722539906994226,0.009944950000000001,1.616834047682989,617.0,36037.58711452268,1.616834047682989,7.752868197682989
1722540406898886,0.01000095,41.498059896889444,-3383.0,36237.18887499377,41.498059896889444,7.664846046889444
1722540906998359,0.00998335,55.01618487580204,-4734.0,36410.817587984086,55.01618487580204,7.755005975802035
1722541406984827,0.00997485,95.01403668008429,-8734.0,36470.84493738069,95.01403668008429,7.893696780084284
1722541906990856,0.01003895,125.09924224057154,-11734.0,36520.952057865536,125.09924224057154,7.302202940571547
1722542406995824,0.01003095,155.26889929812734,-14734.0,36611.3130966033,155.26889929812734,7.4728819981273205
1722542906966298,0.01006035,155.29307472791788,-14734.0,36792.04390903677,155.29307472791788,7.063877827917906
1722543407001494,0.01010275,246.2057776787594,-23734.0,36943.53226648878,246.2057776787594,6.427109178759395
1722543906962643,0.01006345,263.25858856522404,-25421.0,37121.83775440616,263.25858856522404,7.435626115224039
1722544406981718,0.010085150000000001,213.05887564208203,-20421.0,37393.414894623165,213.05887564208203,7.110027492081997
1722544906919437,0.01020365,171.95467662691357,-16433.0,37943.00688144025,171.95467662691357,4.278096176913579
1722545406973377,0.01028395,243.48105969107058,-23433.0,38363.131032313424,243.48105969107058,2.4972593410705883
1722545906959657,0.01031575,253.68630792896798,-24433.0,38826.29764379895,253.68630792896798,1.6415881789679645
1722546406961851,0.01035325,206.71170178844866,-19888.0,39121.36049811505,206.71170178844866,0.8062657884486839
1722546906953568,0.01031845,165.37921116563956,-15888.0,39369.73516712992,165.37921116563956,1.4396775656395562
1722547406969396,0.01029995,-9.524696212701896,1112.0,39626.91825476191,-9.524696212701896,1.9288481872981045
1722547906948193,0.010389550000000001,83.9048526968387,-7888.0,39782.677930048085,83.9048526968387,1.9520822968386966
1722548407000383,0.010446549999999999,229.8318112771146,-21888.0,39970.41903310669,229.8318112771146,1.1777248771146276
1722548907000036,0.01047295,240.23003468560418,-22888.0,40106.85443427103,240.23003468560418,0.5251550856041831
1722549406987292,0.01040745,178.046641630311,-16888.0,40231.78589756303,178.046641630311,2.2856260303109934
1722549906986589,0.01043085,146.81465874300514,-13888.0,40387.88591700904,146.81465874300514,1.9510139430051368
1722550406976137,0.01050065,251.44313192986502,-23888.0,40618.520763390465,251.44313192986502,0.6036047298649976
1722550906991507,0.01055845,188.18110197605853,-17888.0,40829.055288321804,188.18110197605853,-0.6884516239414893
1722551406955966,0.01059095,209.31191453519824,-19888.0,41019.77655877602,209.31191453519824,-1.3208990648017505
1722551906969771,0.010579100000000001,135.33512690536017,-12888.0,41178.354428310384,135.33512690536017,-1.0083138946398549
1722552406950494,0.010561850000000001,114.27842892428373,-10888.0,41241.685173451246,114.27842892428373,-0.7189938757162793
1722552906992121,0.01053805,82.63700502901608,-7888.0,41273.32659734652,82.63700502901608,-0.4871333709839263
1722553406963660,0.01056725,51.09919279682413,-4888.0,41347.16844880511,51.09919279682413,-0.5535252031758731
1722553906965792,0.01051005,30.149092505618512,-2888.0,41473.90939106093,30.149092505618512,-0.20393189438148696
1722554406975208,0.01046905,-64.2979007838856,6112.0,41568.35638435043,-64.2979007838856,-0.31106718388559074
1722554906969688,0.01046675,-64.2979007838856,6112.0,41568.35638435043,-64.2979007838856,-0.32512478388559174
1722555406953614,0.01049695,-106.11504467458644,10112.0,41610.17352824113,-106.11504467458644,0.030113725413556836
1722555906965301,0.01055735,-53.35449760690422,5112.0,41662.93407530882,-53.35449760690422,0.6146755930957823
1722556406967704,0.01059455,-0.40989976592231336,112.0,41737.05815563399,-0.40989976592231336,0.7766898340776867
1722556907470304,0.01052395,-71.27925112396038,6828.0,41976.30321238189,-71.27925112396038,0.5782794760396257
1722557407460277,0.01053195,-92.32907340029425,8828.0,41997.35303465823,-92.32907340029425,0.6469811997057491
1722557907493353,0.01058955,-92.34354036393907,8828.0,42060.792884947856,-92.34354036393907,1.1410070360609268
1722558407480951,0.010511949999999999,-113.39610489531105,10828.0,42124.01523780705,-113.39610489531105,0.42728970468893124
1722558907482346,0.010504349999999999,-144.8111157284896,13828.0,42176.42490577439,-144.8111157284896,0.4430360715103916
1722559407502474,0.01053545,-176.3871916394196,16828.0,42250.13713853156,-176.3871916394196,0.9033609605804145
1722559907478667,0.01050825,-249.99489559148853,23828.0,42344.80571644637,-249.99489559148853,0.3956854085114685
1722560407465137,0.01043665,-270.99310563760656,25828.0,42428.534508845114,-270.99310563760656,-1.435309437606577
1722560907486928,0.01045105,-281.4449832079318,26828.0,42480.722965563255,-281.4449832079318,-1.0642138079317647
1722561407455059,0.010453549999999999,-229.25511609347683,21828.0,42574.593311790835,-229.25511609347683,-1.0750266934768433
1722561907482532,0.01042335,-239.6813840656683,22828.0,42605.916524596345,-239.6813840656683,-1.7371502656683333
1722562407471551,0.01038025,-260.51005874281896,24828.0,42689.02711233601,-260.51005874281896,-2.7892117428189636
1722562907447359,0.010402149999999999,-229.3166739563959,21828.0,42741.06082400158,-229.3166739563959,-2.2585437563959374
1722563407475412,0.01044395,-198.02632336925265,18828.0,42772.35117458872,-198.02632336925265,-1.3876327692526331
1722563907476682,0.01038505,-198.02632336925265,18828.0,42772.35117458872,-198.02632336925265,-2.4966019692526515
1722564407494990,0.01040715,-208.40243474598503,19828.0,42782.727285965455,-208.40243474598503,-2.0494645459850176
1722564907455778,0.01036355,-229.12957632773066,21828.0,42824.29811983234,-229.12957632773066,-2.914006927730668
1722565407470675,0.01024605,-260.0317959163084,24828.0,42957.95028578735,-260.0317959163084,-5.642866516308402
1722565907456947,0.01015705,-247.54128820808123,23599.0,43190.25466031612,-247.54128820808123,-7.845065258081206
1722566407496477,0.01019855,-227.09721718449703,21599.0,43271.578637369756,-227.09721718449703,-6.818735734497011
1722566907486799,0.01026795,-165.58984405268495,15599.0,43435.343046409114,-165.58984405268495,-5.420092002684953
1722567407990003,0.01024215,-93.96475353735363,8599.0,43506.96813692446,-93.96475353735363,-5.8925056873536334
1722567907980229,0.010237050000000001,-93.97361743243812,8599.0,43527.454171214275,-93.97361743243812,-5.945224482438107
1722568407956908,0.01026785,-83.71505796309003,7599.0,43578.86259924104,-83.71505796309003,-5.689665813090031
1722568907978097,0.01031085,-83.74659982044265,7599.0,43599.37670570069,-83.74659982044265,-5.394450670442652
1722569407945641,0.010305749999999999,-52.79536691132881,4599.0,43630.32793860981,-52.79536691132881,-5.399222661328821
1722569907953296,0.01027235,19.44521852969489,-2401.0,43702.56852405084,19.44521852969489,-5.218693820305109
1722570407962570,0.010276750000000001,19.465595900939032,-2401.0,43743.66033107787,19.465595900939032,-5.2088808490609715
1722570907959128,0.01030695,40.05819176719925,-4401.0,43784.825452522564,40.05819176719925,-5.302695182800754
1722571407984817,0.010261349999999999,60.69834021855495,-6401.0,43805.46560097392,60.69834021855495,-4.984561131445048
1722571907954023,0.01022845,30.06971543373536,-3401.0,43897.74978528943,30.06971543373536,-4.717243016264639
1722572407976701,0.01024595,50.55256434282032,-5401.0,43918.23263419851,50.55256434282032,-4.7858116071796815
1722572907957313,0.01026115,30.07221629199778,-3401.0,43959.239493433684,30.07221629199778,-4.825954858002223
1722573407960570,0.01023485,9.60055448999674,-1401.0,44000.21502707059,9.60055448999674,-4.738470360003259
1722573907958274,0.01025585,-10.905320059775796,599.0,44041.229051136026,-10.905320059775796,-4.762065909775796
1722574407987084,0.01023255,-41.67448906108225,3599.0,44092.440424894376,-41.67448906108225,-4.847541611082249
1722574907988410,0.01024735,-31.420332284759798,2599.0,44123.19631743699,-31.420332284759798,-4.787469634759798
1722575407954142,0.010214250000000001,-31.396817507303613,2599.0,44164.09119124672,-31.396817507303613,-4.84998175730361
1722575907951651,0.01016305,-31.396817507303613,2599.0,44164.09119124672,-31.396817507303613,-4.9830505573036135
1722576407998504,0.01020565,-41.536627537407064,3599.0,44214.97639971303,-41.536627537407064,-4.806493187407064
1722576907958386,0.01017785,-31.331987689101545,2599.0,44245.559650075455,-31.331987689101545,-4.879755539101545
1722577407965908,0.010144150000000001,-51.58920894743181,4599.0,44265.81687133378,-51.58920894743181,-4.936263097431805
1722577907971258,0.010101249999999999,-92.26283007402736,8599.0,44407.37969249389,-92.26283007402736,-5.402181324027367
1722578407980959,0.01009665,-122.48882353551403,11599.0,44477.98821460348,-122.48882353551403,-5.377780185514027
1722578907998553,0.01007275,-112.3879760012676,10599.0,44588.957511745524,-112.3879760012676,-5.626898751267603
1722579407981771,0.01002685,-122.36678471863685,11599.0,44699.31270422506,-122.36678471863685,-6.065351568636842
1722579907973214,0.00997315,-162.28129364306685,15599.0,44918.89327433861,-162.28129364306685,-6.7101267930668484
1722580407973248,0.00994575,-139.59012779081323,13294.0,45149.90395862054,-139.59012779081323,-7.371327290813241
1722580908002020,0.010016549999999999,-109.63005177627255,10294.0,45279.87351775455,-109.63005177627255,-6.5196860762725635
1722581407989688,0.01005975,-119.58190616402273,11294.0,45450.65518878917,-119.58190616402273,-5.967089664022737
1722581907964244,0.01009415,-59.07221726310874,5294.0,45511.164877690084,-59.07221726310874,-5.633787163108742
1722582407971481,0.009984650000000001,-48.995007238289524,4294.0,45701.942377742496,-48.995007238289524,-6.12092013828952
1722582907921632,0.00998255,-79.05600442082627,7294.0,45791.98576338751,-79.05600442082627,-6.243284720826267
1722583408002663,0.00999675,-79.02372863575442,7294.0,45931.60379803849,-79.02372863575442,-6.107434135754417
1722583907982002,0.00997265,-99.01095418209482,9294.0,45991.59972494776,-99.01095418209482,-6.325145082094821
1722584407984369,0.01001085,-79.06192535246808,7294.0,46131.34243595602,-79.06192535246808,-6.042785452468081
1722584907986132,0.010002549999999999,1.2433594147999667,-706.0,46271.837890780545,1.2433594147999667,-5.818440885200032
1722585407954040,0.0100174,1.2427727249888498,-706.0,46291.862882602116,1.2427727249888498,-5.829511675011149
1722585909957759,0.009993450000000001,-38.78458527082509,3294.0,46371.95793271283,-38.78458527082509,-5.866160970825085
1722586409990956,0.00996845,-48.76066325918103,4294.0,46401.93761495541,-48.76066325918103,-5.956138959181025
1722586909979808,0.00991645,-58.65535392984159,5294.0,46550.88806789068,-58.65535392984159,-6.15766762984159
1722587409973589,0.01001895,-48.73554759354083,4294.0,46640.25401610018,-48.73554759354083,-5.714176293540831
1722587909988181,0.01005175,11.498621805127765,-1706.0,46740.632346310194,11.498621805127765,-5.649663694872235
1722588409996783,0.01005155,16.410368107614445,-2195.0,46795.961762073704,16.410368107614445,-5.652784142385553
1722588909762245,0.01006665,36.50100237281892,-4195.0,46816.05239633891,36.50100237281892,-5.728594377181082
1722589409976103,0.010068549999999999,56.6988319290879,-6195.0,46896.75460398606,56.6988319290879,-5.675835320912093
1722589909988907,0.01009915,107.35432266470647,-11195.0,46987.81846911488,107.35432266470647,-5.705661585293527
1722590409954463,0.01011475,127.56953760519525,-13195.0,47108.88558531985,127.56953760519525,-5.894588644804742
1722590909975459,0.01009695,107.38264388846522,-11195.0,47169.507400574534,107.38264388846522,-5.652711361534784
1722591409966091,0.01011375,137.79121461238327,-14195.0,47260.60608300818,137.79121461238327,-5.773466637616735
1722591909954316,0.01019075,249.62744701657988,-25195.0,47433.5130078383,249.62744701657988,-7.128499233420143
1722592409980603,0.01016265,249.58058700343756,-25195.0,47535.355698047955,249.58058700343756,-6.467379746562443
1722592909979625,0.010166350000000001,239.42795680459906,-24195.0,47606.461518991666,239.42795680459906,-6.54688144540097
1722593409956190,0.01011225,239.47812066778235,-24195.0,47748.626055425295,239.47812066778235,-5.187768082217644
1722593909981345,0.01014195,229.36821093771366,-23195.0,47819.6854051762,229.36821093771366,-5.87431931228636
1722594409994871,0.010200299999999999,209.04863681044202,-21195.0,47860.38322082742,209.04863681044202,-7.14672168955795
1722594909997409,0.010155850000000001,178.52354378050973,-18195.0,47911.2274491572,178.52354378050973,-6.2621469694902885
1722595409961497,0.01019035,229.3725468256661,-23195.0,47982.37943596451,229.3725468256661,-6.992621424333919
1722595909994103,0.01024415,229.3213469629106,-23195.0,48084.486063808006,229.3213469629106,-8.29171228708941
1722596409955812,0.01026355,229.30989681352602,-23195.0,48207.61737142859,229.30989681352602,-8.753145436473972
1722596909960505,0.010209949999999999,208.83966226792637,-21195.0,48289.60555837933,208.83966226792637,-7.560227982073599
1722597409964648,0.01019545,208.85353495061676,-21195.0,48350.830067389245,208.85353495061676,-7.239027799383251
1722597909981517,0.01023595,219.08644393855604,-22195.0,48381.54677465692,219.08644393855604,-8.100466311443967
1722598409962310,0.010189750000000001,208.8739001245349,-21195.0,48432.644333042634,208.8739001245349,-7.097851125465098
1722598909988743,0.010166350000000001,127.5100280833536,-13195.0,48534.33835583646,127.5100280833536,-6.634960166646408
1722599409962876,0.01018035,107.22221197427508,-11195.0,48595.20333272568,107.22221197427508,-6.746806275724907
1722599909959287,0.01016805,117.53788102002447,-12195.0,48686.8997366264,117.53788102002447,-6.461488729975528
1722600409959656,0.01016915,76.8587085138677,-8195.0,48768.350062396035,76.8587085138677,-6.477475736132305
1722600909993669,0.01015425,56.52324651142817,-6195.0,48829.37869002095,56.52324651142817,-6.382332238571834
1722601409987972,0.01009445,-64.73682187107731,5805.0,48991.07585350052,-64.73682187107731,-6.138539621077314
1722601909965933,0.010150949999999999,15.90974799267606,-2195.0,50221.260500393146,15.90974799267606,-6.371587257323938
1722602409953994,0.01017405,31.555477137491664,-3700.0,51447.09928513418,31.555477137491664,-6.088507862508337
1722602909952110,0.01013555,82.33348658352455,-8700.0,51619.674579823804,82.33348658352455,-5.845798416475461
1722603409979984,0.01022475,123.2035222470808,-12700.0,52069.55095363671,123.2035222470808,-6.650802752919191
1722603910012020,0.01025065,241.40754431382754,-24211.0,52382.70327320297,241.40754431382754,-6.770942836172452
1722604409967247,0.010227449999999999,204.05286670856847,-20538.0,52579.58697974125,204.05286670856847,-5.9985013914315175
1722604909979068,0.010269750000000001,240.07234215307938,-24049.0,52748.610491142535,240.07234215307938,-6.904875596920647
1722605409965883,0.01021565,219.7001655398385,-22049.0,52932.664674029664,219.7001655398385,-5.544701310161486
1722605909954281,0.01032005,115.75611887309383,-12049.0,53532.98447863749,115.75611887309383,-8.590163576906178
1722606409994608,0.01053495,158.06781210797914,-16158.0,54782.285898683,158.06781210797914,-12.155909992020867
1722606909973697,0.01042815,69.63250907748333,-7698.0,55458.266259291864,69.63250907748333,-10.643389622516665
1722607409981690,0.010375849999999999,-65.30815595629008,5264.0,55904.937368308434,-65.30815595629008,-10.689681556290083
1722607909977968,0.01020975,-203.98833836666142,18777.0,56177.240975223554,-203.98833836666142,-12.279862616661433
1722608409975688,0.01025805,-101.5415529586124,8777.0,56627.318219778776,-101.5415529586124,-11.50664810861241
1722608909990674,0.01025255,-65.66266532656849,5266.0,56816.51894476219,-65.66266532656849,-11.672737026568491
1722609409972125,0.010120649999999998,-126.40179982551868,11266.0,57245.05041092999,-126.40179982551868,-12.3825569255187
1722609909995063,0.00999705,-234.54131078743814,22050.0,58138.95231592012,-234.54131078743814,-14.106358287438127
1722610409973891,0.00987295,-98.15168856507707,8355.0,59559.18970120095,-98.15168856507707,-15.663191315077071
1722610909957529,0.00982355,-9.725315105605251,-613.0,61454.70404143117,-9.725315105605251,-15.747151255605251
1722611409960977,0.00961785,15.640838563165318,-3295.0,64253.278128490376,15.640838563165318,-16.049977186834685
1722611909954912,0.00962065,44.54669557359065,-6295.0,66108.30556793469,44.54669557359065,-16.01529617640935
1722612409984734,0.00958805,18.097385913708692,-3460.0,67611.09711966275,18.097385913708692,-15.077267086291307
1722612909985627,0.00967745,27.56606455801885,-4414.0,68775.79423394531,27.56606455801885,-15.150199741981154
1722613409995732,0.00972985,17.976851693101487,-3395.0,69931.94445851288,17.976851693101487,-15.055989056898511
1722613909953756,0.00976925,16.290262087344487,-3227.0,70632.846964137,16.290262087344487,-15.235107662655512
1722614411495420,0.0097812,21.153836747599875,-3715.0,71117.7052718604,21.153836747599875,-15.183321252400127
1722614911467861,0.00979275,-0.5218020622863371,-1513.0,71992.3204635378,-0.5218020622863371,-15.338232812286336
1722615411461794,0.009788149999999999,-0.37846834093901016,-1513.0,72540.21908390049,-0.37846834093901016,-15.187939290939008
1722615911486701,0.00977795,-78.74865347396515,6487.0,73167.71677355604,-78.74865347396515,-15.319091823965145
1722616411462128,0.00975055,-127.68804885057868,11518.0,73897.61820879276,-127.68804885057868,-15.381213950578683
1722616911462915,0.009847950000000001,-1.2449378240352935,-1382.0,74606.53000433776,-1.2449378240352935,-14.854804724035295
1722617411477202,0.00986085,57.73811179062334,-7382.0,74921.94226061631,57.73811179062334,-15.054682909376659
1722617911479300,0.009851249999999999,136.65200657728946,-15382.0,75177.93865009645,136.65200657728946,-14.87992092271054
1722618411479534,0.009846899999999999,33.23818942869672,-4873.0,75399.40847558559,33.23818942869672,-14.74575427130327
1722618911485126,0.00994035,33.59110371239568,-4873.0,75716.40309208079,33.59110371239568,-14.84822183760432
1722619411493681,0.00987315,53.40072114192402,-6873.0,76013.31618952582,53.40072114192402,-14.457438808075977
1722619911452325,0.0098943,23.878102717479372,-3873.0,76200.61948175958,23.878102717479372,-14.442521182520629
1722620411465801,0.00990915,14.074151841107243,-2873.0,76368.67851861079,14.074151841107243,-14.39483610889276
1722620911484892,0.00985385,-45.12098926615579,3127.0,76506.81996206124,-45.12098926615579,-14.308000316155788
1722621411465824,0.00978485,-113.55620365133721,10127.0,76712.71573420055,-113.55620365133721,-14.46502770133722
1722621911491077,0.009760350000000001,-172.03748942989236,16127.0,76888.36704338595,-172.03748942989236,-14.632324979892331
1722622411496109,0.009764749999999999,-238.72410844501917,22976.0,77052.69656753018,-238.72410844501917,-14.369212445019201
1722622911504081,0.00979975,-179.9136530385954,16976.0,77287.32726835739,-179.9136530385954,-13.55309703859541
1722623411459581,0.00976045,-170.07070224022198,15976.0,77395.00146539455,-170.07070224022198,-14.13775304022198
1722623911471089,0.00972105,-130.95525077604316,11976.0,77551.28192661876,-130.95525077604316,-14.535955976043155
1722624411480498,0.00972945,-130.810821326955,11976.0,77745.6884314122,-130.810821326955,-14.29092812695498
1722624911480697,0.00970165,-111.58000481472178,9976.0,77919.88098486506,-111.58000481472178,-14.796344414721787
1722625411479744,0.009668949999999999,-34.11597020229114,1976.0,78132.79224697746,-34.11597020229114,-15.01012500229114
1722625911501673,0.00965445,-62.93407412017384,4976.0,78412.42158350893,-62.93407412017384,-14.893530920173838
1722626411472280,0.00968035,-56.775779025540004,4352.0,78573.45258386637,-56.775779025540004,-14.64689582554
1722626911470960,0.009622450000000001,-37.42241090154807,2352.0,78785.77579723668,-37.42241090154807,-14.790408501548068
1722627411490748,0.00959115,-44.488876847245166,3092.0,79004.32521033622,-44.488876847245166,-14.833041047245167
1722627911469036,0.00959805,-178.4052598001942,17092.0,79291.30943358078,-178.4052598001942,-14.355389200194168
1722628411487930,0.00965775,-200.42911610459004,19406.0,79554.30607631658,-200.42911610459004,-13.01081960459004
1722628911487171,0.00974385,-93.62192404814891,8406.0,79816.09714331906,-93.62192404814891,-11.715120948148908
1722629411467313,0.009777649999999999,43.160921304412696,-5594.0,80167.90619327311,43.160921304412696,-11.535252795587297
1722629911467165,0.009755650000000001,72.39305068851446,-8594.0,80353.10412673805,72.39305068851446,-11.447005411485549
1722630411478943,0.00964655,62.84502584773606,-7594.0,80518.37529772647,62.84502584773606,-10.410874852263937
1722630911464540,0.00969965,19.183635941759114,-3066.0,81181.04313349928,19.183635941759114,-10.555490958240888
1722631411468899,0.00972305,-0.14138524943456865,-1066.0,81394.67405059468,-0.14138524943456865,-10.50615654943457
1722631911478064,0.00973495,-9.888128289059901,-66.0,81501.81006817977,-9.888128289059901,-10.530634989059902
1722632411479753,0.00970455,19.351256231925774,-3066.0,81608.802033264,19.351256231925774,-10.402894068074225
1722632911462823,0.00960805,10.289342253187973,-2102.0,81928.09749079896,10.289342253187973,-9.906778846812026
1722633411492956,0.009435800000000001,-19.09586084446287,898.0,83049.26524801798,-19.09586084446287,-10.622512444462869
1722633911459814,0.00946195,-37.80583726109039,2898.0,83691.26007388669,-37.80583726109039,-10.385106161090388
1722634411453187,0.00932105,-160.57715813535154,15898.0,84688.05008551468,-160.57715813535154,-12.391105235351517
1722634911476223,0.00947765,-56.885204430600815,4898.0,85054.97994805913,-56.885204430600815,-10.463674730600815
1722635411476450,0.009459249999999999,-113.74687240018054,10898.0,85168.81322403347,-113.74687240018054,-10.659965900180552
1722635911466570,0.00946535,-75.83892735976468,6898.0,85282.61218343207,-75.83892735976468,-10.546943059764672
1722636411498787,0.00938495,-85.26067505286031,7898.0,85649.99693782264,-85.26067505286031,-11.138339952860306
1722636911466808,0.00942415,-94.69176899546714,8898.0,85829.24050728831,-94.69176899546714,-10.835682295467151
1722637411456420,0.00935895,-136.4018533429118,13360.0,86311.05939675042,-136.4018533429118,-11.366281342911819
1722637911490670,0.00941315,-37.34718776740034,2824.0,86522.95142025646,-37.34718776740034,-10.764452167400343
1722638411453105,0.00935995,-74.8633283761784,6824.0,86710.78548697186,-74.8633283761784,-10.991029576178398
1722638911475545,0.00929605,-85.37978254984745,7922.0,87054.56223334376,-85.37978254984745,-11.73647444984745
1722639411478866,0.00934805,-94.65619974412954,8911.0,87185.84047351095,-94.65619974412954,-11.35572619412953
1722639911480884,0.00935535,-113.22979854803498,10911.0,87317.11992919544,-113.22979854803498,-11.153574698034973
1722640411487703,0.00939625,-99.51673777757476,9446.0,87453.3505384225,-99.51673777757476,-10.759760277574756
1722640911487290,0.00938875,-5.588226536008879,-554.0,87697.79305415462,-5.588226536008879,-10.789594036008879
1722641411456007,0.00943365,50.936970539650325,-6554.0,87792.049616244,50.936970539650325,-10.891171560349676
1722641911500625,0.00935205,41.59489974492385,-5554.0,87876.30394166787,41.59489974492385,-10.346385955076151
1722642411349624,0.00927285,-51.22054400990495,4446.0,88080.69988470225,-51.22054400990495,-9.993452909904953
1722642911461176,0.00929755,-51.24570853259631,4446.0,88247.95617505054,-51.24570853259631,-9.90880123259631
1722643413492719,0.00934655,-60.5511860198816,5446.0,88462.7207686283,-60.5511860198816,-9.649874719881595
1722643913495493,0.00942335,52.16705964042886,-6554.0,88650.54658309917,52.16705964042886,-9.593576259571144
1722644413499746,0.00937425,28.479197959145736,-4021.0,88768.35765680691,28.479197959145736,-9.214661290854266
1722644913501818,0.00936245,28.385298386589085,-4021.0,88862.24338906017,28.385298386589085,-9.26111306341091
1722645413486942,0.00927615,-36.781914877637064,2979.0,89113.5930813734,-36.781914877637064,-9.148264027637062
1722645913491639,0.00925275,-55.27878750984795,4979.0,89261.40812785739,-55.27878750984795,-9.20934525984795
1722646413472367,0.00919885,-118.22034688293317,11815.0,89673.82912624003,-118.22034688293317,-9.535934132933178
1722646913466916,0.00913455,-145.75572930139637,14831.0,90250.49824055801,-145.75572930139637,-10.281218251396382
1722647413477328,0.008913,-111.95029330973168,11140.0,92030.35975789058,-111.95029330973168,-12.659473309731666
1722647913478575,0.00893915,-25.430776205323056,1518.0,93679.09744380372,-25.430776205323056,-11.861146505323056
1722648413484001,0.00904535,-69.18217060289153,6400.0,94495.91391808745,-69.18217060289153,-11.291930602891526
1722648913453035,0.00912315,80.7421652115907,-10039.0,95293.85339102661,80.7421652115907,-10.845137638409298
1722649413463001,0.00910355,153.77057667797382,-18039.0,95821.80824950906,153.77057667797382,-10.448361772026175
1722649913489950,0.00915295,144.8893550863684,-17039.0,96159.23306924173,144.8893550863684,-11.067759963631602
1722650413500790,0.00915725,144.91827841284987,-17039.0,96379.18144155752,144.91827841284987,-11.112104337150129
1722650913487563,0.00917745,190.91640235108827,-22039.0,96774.4130152865,190.91640235108827,-11.345418198911744
1722651413499698,0.009205950000000001,144.98887328600821,-17039.0,96912.23585025001,144.98887328600821,-11.871308763991806
1722651913489374,0.00921635,219.00403378317966,-25039.0,97245.17827420119,219.00403378317966,-11.764153866820322
1722652413485404,0.00916205,155.26965108589803,-18097.0,97401.7735301629,155.26965108589803,-10.535967764101969
1722652913501965,0.009165650000000001,151.19887501803873,-17643.0,97544.06513457697,151.19887501803873,-10.510687931961286
1722653413952669,0.00914515,150.17336881203852,-17525.0,97634.61935017565,150.17336881203852,-10.095384937961484
1722653913963474,0.00919785,159.3532853050453,-18525.0,97772.28662279838,159.3532853050453,-11.036885944954719
1722654413967248,0.009156049999999999,95.19736867430645,-11525.0,97946.57869843375,95.19736867430645,-10.326107575693541
1722654913979993,0.00921925,67.62349933449497,-8525.0,98047.79624292374,67.62349933449497,-10.97060691550503
1722655413942187,0.00921285,104.59485014430851,-12525.0,98177.16439481077,104.59485014430851,-10.79609610569149
1722655914000020,0.00920995,132.25949868750791,-15525.0,98444.635567785,132.25949868750791,-10.724975062492092
1722656413960461,0.00927565,160.064598222048,-18525.0,98583.60828097464,160.064598222048,-11.766818027951985
1722656913968638,0.009299149999999999,225.14909514974863,-25525.0,98704.51470187314,225.14909514974863,-12.211708600251342
1722657413956402,0.00933805,215.85562833450413,-24525.0,98844.29515579231,215.85562833450413,-13.16004791549588
1722657913975100,0.00928905,215.84939109481147,-24525.0,98918.83456209298,215.84939109481147,-11.964560155188536
1722658413991116,0.00927435,197.32768008471479,-22525.0,99011.5443729954,197.32768008471479,-11.577053665285234
1722658913977493,0.00929225,206.60887683648974,-23525.0,99095.14612794624,206.60887683648974,-11.99130441351025
1722659413981926,0.00929595,206.59934735748087,-23525.0,99113.70075096491,206.59934735748087,-12.08787639251915
1722659913952647,0.00932855,206.66552130231628,-23525.0,99206.80430780372,206.66552130231628,-12.78861744768372
1722660413973644,0.009301150000000001,225.32970847837302,-25525.0,99281.40237906657,225.32970847837302,-12.082145271627013
1722660913991451,0.00927995,197.51434576202888,-22525.0,99420.54161599407,197.51434576202888,-11.51652798797113
1722661413953333,0.00927455,169.68430809475257,-19525.0,99448.37165366135,169.68430809475257,-11.401280655247433
1722661913983440,0.009336549999999999,206.9747324085314,-23525.0,99541.56137861707,206.9747324085314,-12.66760634146857
1722662413974193,0.00932755,206.97767225515938,-23525.0,99578.8508584363,206.97767225515938,-12.452941494840644
1722662913978207,0.009340049999999999,206.98980765724446,-23525.0,99597.49113633085,206.98980765724446,-12.734868592755532
1722663414468867,0.009319049999999999,216.30905256491482,-24525.0,99606.81038123851,216.30905256491482,-12.240648685085148
1722663914362061,0.00929485,216.30585005754503,-24525.0,99625.45453256616,216.30585005754503,-11.650346192454975
1722664414952158,0.00931475,197.6897512814607,-22525.0,99681.29922687246,197.6897512814607,-12.12499246853929
1722664914984065,0.00942505,113.63435066183054,-13525.0,100103.84554516202,113.63435066183054,-13.83945058816947
1722665415497421,0.00942495,160.84851106929705,-18525.0,100245.30495260272,160.84851106929705,-13.748687680702943
1722665915483247,0.009422449999999999,160.85181640335844,-18525.0,100282.96786656111,160.85181640335844,-13.69906984664155
1722666415461087,0.00939325,179.7092337292214,-20525.0,100376.97285870345,179.7092337292214,-13.087222520778596
1722666915457998,0.00939325,207.88654969803122,-23525.0,100423.92274085936,207.88654969803122,-13.089656551968801
1722667415470000,0.00942075,217.28813306417618,-24525.0,100546.15829981091,217.28813306417618,-13.755760685823816
1722667915491915,0.00944525,217.31526822344526,-24525.0,100640.48861856492,217.31526822344526,-14.329488026554742
1722668415455293,0.00945125,217.3282720746663,-24525.0,100735.03860114652,217.3282720746663,-14.46363417533368
1722668915489656,0.00947545,217.31059889951493,-24525.0,100772.91140107955,217.31059889951493,-15.074812350485075
1722669415487426,0.00942405,226.76395209031674,-25525.0,100895.84737018534,226.76395209031674,-13.784924159683271
1722669915481831,0.00942895,217.3435201558355,-24525.0,100905.26780211982,217.3435201558355,-13.901478594164502
1722670415450415,0.00950605,217.4202038398756,-24525.0,101019.13943992431,217.4202038398756,-15.715672410124398
1722670915502120,0.009486350000000001,226.92408247426198,-25525.0,101123.65759445999,226.92408247426198,-15.215001275738047
1722671415463176,0.00943225,217.48136804251016,-24525.0,101265.58278515909,217.48136804251016,-13.844563207489841
1722671915454189,0.00944105,217.50586543938195,-24525.0,101341.13570851313,217.50586543938195,-14.035885810618026
1722672417992438,0.00940485,142.18775912635817,-16525.0,101491.84450302522,142.18775912635817,-13.227387123641819
1722672917954912,0.00938465,48.08996997274868,-6525.0,101604.76363732008,48.08996997274868,-13.144871277251312
1722673417993552,0.00937705,-26.76457583418233,1475.0,101810.74783317432,-26.76457583418233,-12.933427084182332
1722673917995040,0.009382850000000002,-26.770144052662843,1475.0,101904.75495651994,-26.770144052662843,-12.930440302662841
1722674417974162,0.00938335,-36.13721853527813,2475.0,101970.44158554307,-36.13721853527813,-12.913427285278129
1722674917955625,0.009346750000000001,-64.33214808161328,5475.0,102110.62358713876,-64.33214808161328,-13.158691831613275
1722675417951023,0.009380949999999999,-110.98838083767862,10475.0,102213.39313812755,-110.98838083767862,-12.722929587678635
1722675917993357,0.00938965,-110.98038190291764,10475.0,102250.91919975438,-110.98038190291764,-12.623798152917644
1722676417959871,0.00933025,-157.68444845160346,15475.0,102372.57151950565,-157.68444845160346,-13.298829701603466
1722676917955213,0.00930635,-232.18629655908475,23475.0,102484.3092401836,-232.18629655908475,-13.719730309084753
1722677417979326,0.00935955,-232.1961384910656,23475.0,102577.77194619214,-232.1961384910656,-12.480702241065615
1722677918000718,0.00937255,-213.4963985964547,21475.0,102633.9285003474,-213.4963985964547,-12.220887346454703
1722678417987516,0.00941255,-119.37752393473374,11475.0,102746.89978771908,-119.37752393473374,-11.368512684733744
1722678917936834,0.00941405,-25.11268375394844,1475.0,102878.84387703016,-25.11268375394844,-11.226960003948438
1722679417977255,0.00938145,-34.479109872970795,2475.0,102982.33481203267,-34.479109872970795,-11.260021122970798
1722679917979753,0.009383550000000001,-53.235085801119105,4475.0,103057.32177921737,-53.235085801119105,-11.2436995511191
1722680417979318,0.00934495,-53.23586981481406,4475.0,103132.3572432215,-53.23586981481406,-11.417218564814064
1722680917979450,0.00933165,-90.54866541877524,8475.0,103188.31393294779,-90.54866541877524,-11.46293166877524
1722681417993298,0.009357850000000001,-99.84866850126517,9475.0,103309.84928901409,-99.84866850126517,-11.183039751265156
1722681917978086,0.00937215,-62.33662275161234,5475.0,103422.34987592905,-62.33662275161234,-11.024101501612343
1722682417978287,0.00940585,-43.5561490935653,3475.0,103478.61298910093,-43.5561490935653,-10.870820343565299
1722682918001594,0.00938755,-62.34582164555818,5475.0,103572.4397606287,-62.34582164555818,-10.948985395558182
1722683417912270,0.00934155,-62.37453408570719,5475.0,103647.44238398205,-62.37453408570719,-11.229547835707187
1722683917956145,0.00938255,-34.24076800627615,2475.0,103769.1409732949,-34.24076800627615,-11.01895675627615
1722684418496615,0.00940125,-24.84896037215216,1475.0,103872.55480752642,-24.84896037215216,-10.98211662215216
1722684918478598,0.00940645,50.41601559152989,-6525.0,103985.43382172169,50.41601559152989,-10.961070658470113
1722685418473646,0.00941695,31.595987452913583,-4525.0,104023.08409979338,31.595987452913583,-11.015711297086419
1722685918493362,0.00941605,41.04998808158607,-5525.0,104070.19696782388,41.04998808158607,-10.97368816841393
1722686418455985,0.00941795,97.45914222985088,-11525.0,104145.44579862407,97.45914222985088,-11.08273152014911
1722686918494307,0.00942525,97.47730560731426,-11525.0,104183.10624454108,97.47730560731426,-11.148700642685725
1722687418451442,0.00942175,125.80480940893145,-14525.0,104286.85600401169,125.80480940893145,-11.046109341068558
1722687918487256,0.009507749999999999,173.16847869686418,-19525.0,104372.03041047911,173.16847869686418,-12.4703400531358
1722688418452601,0.00949385,211.19256267681692,-23525.0,104600.39319846556,211.19256267681692,-12.150258573183066
1722688918496192,0.00947685,125.97234600825512,-14525.0,104818.29787955529,125.97234600825512,-11.678900241744898
1722689418498620,0.00939005,60.016265945946856,-7525.0,105053.88668662136,60.016265945946856,-10.643860304053149
1722689918988850,0.00940595,83.84117635328107,-10059.0,105115.30871541679,83.84117635328107,-10.773274696718929
1722690418960151,0.00935655,36.97907412797583,-5059.0,105199.82696227437,36.97907412797583,-10.355712322024175
1722690918996730,0.00934495,-47.06367781829496,3941.0,105302.53323096555,-47.06367781829496,-10.235229868294965
1722691418956192,0.00931955,-158.9454243776689,15941.0,105451.71374468827,-158.9454243776689,-10.382477827668907
1722691918958226,0.00935155,-158.95800452364975,15941.0,105526.51738148852,-158.95800452364975,-9.884945973649735
1722692419954348,0.00934135,-168.31008991759833,16941.0,105610.75488641222,-168.31008991759833,-10.058279567598333
1722692919968343,0.00933235,-177.63161400461422,17941.0,105694.70746518769,-177.63161400461422,-10.199922654614227
1722693419966203,0.00934645,-205.63608125857385,20941.0,105760.12058823198,-205.63608125857385,-9.91207180857387
1722693919997955,0.00938625,-214.96638928464506,21941.0,105900.6877472312,-214.96638928464506,-9.022678034645054
1722694419979564,0.00934375,-215.0836604212297,21941.0,106050.26575765168,-215.0836604212297,-10.072441671229711
1722694919950905,0.00933275,-243.06563652397995,24941.0,106209.03311538012,-243.06563652397995,-10.297518773979931
1722695419993233,0.009380050000000001,-233.7179577229681,23941.0,106312.01468081819,-233.7179577229681,-9.150180672968077
1722695919963241,0.00938045,-233.7213255558009,23941.0,106405.74882495592,-233.7213255558009,-9.143972105800884
1722696419991808,0.009343549999999999,-196.2680872646069,19941.0,106499.31678651317,-196.2680872646069,-9.948356714606916
1722696919977996,0.00931055,-186.92103921176246,18941.0,106545.9307192886,-186.92103921176246,-10.569911661762461
1722697419977755,0.009211549999999999,-150.0444754925672,14941.0,107227.46603305891,-150.0444754925672,-12.414706942567193
1722697919989803,0.00923975,-214.51635166979884,21941.0,107421.19490407749,-214.51635166979884,-11.786996919798838
1722698419962230,0.0091444,-232.9521868065912,23941.0,107660.11438283497,-232.9521868065912,-14.026106406591168
1722698919978872,0.00908415,-192.9332699904449,19538.0,108463.24484204315,-192.9332699904449,-15.447147290444917
1722699419996959,0.009014649999999999,-183.97458975051308,18538.0,109194.9941308751,-183.97458975051308,-16.861008050513107
1722699919956449,0.008966149999999999,-211.2260317936288,21538.0,109743.76002343331,-211.2260317936288,-18.113093093628834
1722700419952808,0.00898865,-99.36175400403943,9096.0,110261.54120589109,-99.36175400403943,-17.600993604039417
1722700920993604,0.008935350000000002,-99.6480670335639,9096.0,111152.3630063959,-99.6480670335639,-18.372123433563885
1722701420984816,0.00886505,-82.0087038438537,7096.0,112376.84156380824,-82.0087038438537,-19.1023090438537
1722701920991029,0.00881085,-11.74034073411935,-904.0,114012.96743275852,-11.74034073411935,-19.705349134119352
1722702421012792,0.0087617,-67.8796026893167,5526.0,115186.45517775127,-67.8796026893167,-19.462448489316692
1722702920991655,0.008915949999999999,2.4350478749828617,-2552.0,117213.50386187561,2.4350478749828617,-20.318456525017137
1722703420986970,0.00876045,-148.07205151449017,14448.0,118441.07393715606,-148.07205151449017,-21.501069914490174
1722703920991789,0.00877745,-59.95108403903272,4415.0,119529.34976841116,-59.95108403903272,-21.198642289032726
1722704420963496,0.00879205,-17.31861437528854,-418.0,120427.59877062372,-17.31861437528854,-20.99369127528854
1722704920972765,0.0086612,-38.27814956941962,2006.0,121538.15405811946,-38.27814956941962,-20.903782369419616
1722705420987365,0.00854595,-102.65963861784088,9426.0,122871.01680523649,-102.65963861784088,-22.10551391784088
1722705920988258,0.00857925,-62.686813004184444,4787.0,124459.2637622333,-62.686813004184444,-21.617943254184446
1722706420977529,0.00852695,-53.647637802540885,3787.0,125374.68618298954,-53.647637802540885,-21.35607815254088
1722706920965666,0.00861715,30.630619919702,-6019.0,126131.01946891348,30.630619919702,-21.236005930298006
1722707420956770,0.008589349999999999,65.1745552733805,-10019.0,126630.35004806248,65.1745552733805,-20.882142376619484
1722707920973190,0.008523949999999999,-19.878099786944905,-19.0,127057.42039873196,-19.878099786944905,-20.040054836944904
1722708420981549,0.00853865,74.56356519423835,-11053.0,127680.72423790919,74.56356519423835,-19.814133255761647
1722708920982747,0.008632250000000001,74.72701142147619,-11053.0,128074.82900933646,74.72701142147619,-20.685247828523813
1722709420966597,0.00857895,114.97524598138615,-15744.0,128458.34317256341,114.97524598138615,-20.091742818613838
1722709921000718,0.0084311,-15.374773117226109,-394.0,129366.03899582948,-15.374773117226109,-18.696626517226107
1722710420988637,0.00854525,13.551686915244177,-3789.0,130457.68238923344,13.551686915244177,-18.826265334755824
1722710920985135,0.00850395,8.205803290089257,-3139.0,130854.85227904312,8.205803290089257,-18.488095759910742
1722711420955808,0.00843795,-38.797526527502065,2449.0,131325.44680174196,-38.797526527502065,-18.132986977502064
1722711920957254,0.00844925,-44.38229324283329,3121.0,131584.5477553651,-44.38229324283329,-18.01218399283329
1722712420994579,0.00849485,6.505647003518407,-2879.0,131922.73730598204,6.505647003518407,-17.951026146481595
1722712920976342,0.008465750000000001,-52.45030097342458,4121.0,132337.09302493057,-52.45030097342458,-17.562945223424578
1722713420965375,0.008369950000000001,-60.90759256721265,5121.0,132815.9848856025,-60.90759256721265,-18.045078617212646
1722713920979560,0.00846315,-59.56929976437559,4916.0,133641.7609244829,-59.56929976437559,-17.964454364375598
1722714420951203,0.008556649999999999,34.338198783931304,-6084.0,134059.40456651556,34.338198783931304,-17.72045981606869
1722714920976000,0.008439249999999999,-26.740996196559088,1120.0,134367.82153470875,-26.740996196559088,-17.28903619655909
1722715420991869,0.008401849999999999,-76.99249318474999,7120.0,134703.20896374507,-76.99249318474999,-17.17132118475
1722715920996538,0.00834415,-85.24194733589448,8120.0,135361.2932158612,-85.24194733589448,-17.487449335894482
1722716420985079,0.00846915,41.53280895809821,-6896.0,135959.639693189,41.53280895809821,-16.87044944190179
1722716920962649,0.00849465,104.25044085180322,-14293.0,136337.56117851392,104.25044085180322,-17.163591598196774
1722717420954403,0.00851495,189.59024540922573,-24293.0,136933.13155272626,189.59024540922573,-17.26343494077429
1722717921464894,0.00846145,147.16885851006367,-19293.0,137162.4784786908,147.16885851006367,-16.07789633993633
1722718421479923,0.00837215,71.94788013567391,-10293.0,137541.02712240446,71.94788013567391,-14.226659814326084
1722718921451948,0.008398550000000001,189.94091472376,-24293.0,137827.15586765707,189.94091472376,-14.085060426240034
1722719421502909,0.00844235,126.22117049475253,-16706.0,138666.53543093576,126.22117049475253,-14.816728605247476
1722719921492011,0.00851795,151.64429292748133,-19706.0,139168.2027216265,151.64429292748133,-16.210429772518665
1722720421496162,0.00853415,202.8265451851591,-25706.0,139457.9949253381,202.8265451851591,-16.552314714840918
1722720921496554,0.00854465,194.32031288121314,-24706.0,139671.42286110023,194.32031288121314,-16.78381001878688
1722721421465005,0.00858955,194.27060247263972,-24706.0,139843.06367692124,194.27060247263972,-17.942819827360267
1722721921482084,0.008598149999999999,194.2612233875352,-24706.0,139877.41213949522,194.2612233875352,-18.164670512464767
1722722421491030,0.00860685,194.28261901742093,-24706.0,139946.25085634357,194.28261901742093,-18.358217082579046
1722722921473465,0.008620349999999999,133.70104280812097,-17634.0,140314.8959685851,133.70104280812097,-18.310209091879017
1722723421469745,0.00857705,142.33089631447274,-18634.0,140357.8561358865,142.33089631447274,-17.493853385527245
1722723921455873,0.00857335,133.8492176432492,-17634.0,140469.04069622228,133.8492176432492,-17.33323625675081
1722724421481908,0.008596949999999999,108.13853751908785,-14634.0,140511.86799476153,108.13853751908785,-17.669228780912135
1722724921454219,0.00861255,168.3530131949504,-21634.0,140589.259742092,168.3530131949504,-17.970893505049617
1722725421475352,0.00858455,185.5495762785562,-23634.0,140623.63802681986,185.5495762785562,-17.337678421443798
1722725921488325,0.00858625,202.78007228860903,-25634.0,140675.2197942478,202.78007228860903,-17.31986021139096
1722726421453729,0.00858055,168.4734519800793,-21634.0,140795.34372736036,168.4734519800793,-17.1581667199207
1722726921455397,0.00860495,185.66360901158285,-23634.0,140829.66246527014,185.66360901158285,-17.705779288417148
1722727421463937,0.00864505,194.33631330222795,-24634.0,140942.0260479339,194.33631330222795,-18.625848397772046
1722727921451372,0.00864525,194.37398405912955,-24634.0,141063.3743931379,194.37398405912955,-18.593104440870462
1722728421466019,0.00861205,194.42135566878048,-24634.0,141132.39104232448,194.42135566878048,-17.727884031219503
1722728921973347,0.008646850000000001,177.1427125672639,-22634.0,141166.92196903628,177.1427125672639,-18.5700903327361
1722729421951043,0.00863455,168.51792234858772,-21634.0,141192.8442898091,168.51792234858772,-18.28193235141228
1722729923489642,0.00859915,99.73417290373301,-13634.0,141330.39932905464,99.73417290373301,-17.50663819626699
1722730423468253,0.00861265,65.28849425164675,-9634.0,141399.26364885672,65.28849425164675,-17.685775848353245
1722730923486507,0.00860965,48.09039716566131,-7634.0,141537.49651254155,48.09039716566131,-17.635670934338698
1722731423486197,0.00858275,30.876754524801314,-5634.0,141606.28327551053,30.876754524801314,-17.478458975198684
1722731923488983,0.00864165,-3.4850451565711147,-1634.0,141675.08187224503,-3.4850451565711147,-17.605501256571117
1722732423459616,0.00864445,-20.764276238156363,366.0,141744.33027440665,-20.764276238156363,-17.60040753815636
1722732923468645,0.00867335,-46.779334836249156,3366.0,141839.59799478558,-46.779334836249156,-17.584838736249157
1722733423475507,0.008628150000000001,-55.40780583045953,4366.0,141882.8504631142,-55.40780583045953,-17.737302930459528
1722733923475228,0.00859565,-63.967534283969314,5366.0,141977.51649126076,-63.967534283969314,-17.843276383969318
1722734423467239,0.00864265,-20.883692338083172,366.0,142055.03367605477,-20.883692338083172,-17.720482438083174
1722734923469258,0.00861955,-20.883692338083172,366.0,142055.03367605477,-20.883692338083172,-17.72893703808317
1722735423496445,0.008562150000000001,-89.4920127804068,8366.0,142209.38752544162,-89.4920127804068,-17.861065880406784
1722735923495769,0.00856605,-123.75328251787423,12366.0,142260.79106220455,-123.75328251787423,-17.825508217874216
1722736423498793,0.00862555,-149.56892388630348,15366.0,142286.60670357296,-149.56892388630348,-17.028722586303502
1722736923493115,0.00864355,-166.83442632325088,17366.0,142338.42376385911,-166.83442632325088,-16.73053702325089
1722737423497965,0.00865585,-201.27848213762314,21366.0,142493.99793589115,-201.27848213762314,-16.337591037623156
1722737923496211,0.00866365,-218.5025500177801,23366.0,142597.87889863265,-218.5025500177801,-16.067704117780096
1722738423491242,0.00871565,-122.85110556392209,12366.0,142710.9142216845,-122.85110556392209,-15.073377663922088
1722738923482573,0.008734849999999999,-61.66250628320953,5366.0,142859.40917017742,-61.66250628320953,-14.791301183209534
1722739423472217,0.00865835,-122.58910614478043,12366.0,142937.6669212285,-122.58910614478043,-15.51995004478043
1722739923496152,0.00865845,-139.86244410420605,14366.0,142972.30265170912,-139.86244410420605,-15.475151404206045
1722740423491943,0.00866795,-122.53095793197939,12366.0,142989.63413788137,-122.53095793197939,-15.34308823197938
1722740923456375,0.008642750000000001,-136.23156656996107,13945.0,143072.54361825527,-136.23156656996107,-15.708417819961056
1722741423501353,0.00861965,-161.96734533586044,16945.0,143167.30899581543,-161.96734533586044,-15.907376085860449
1722741923481910,0.00857315,-213.58787758799247,22945.0,143236.14040230462,-213.58787758799247,-16.876950837992467
1722742423488390,0.00859875,-204.97398064627362,21945.0,143296.29286354437,-204.97398064627362,-16.27441189627362
1722742923500304,0.00860355,-201.3725526948634,21527.0,143344.36485243132,-201.3725526948634,-16.163931844863413
1722743423494078,0.00861455,-209.95199145076356,22527.0,143387.344348784,-209.95199145076356,-15.892023600763537
1722743923478528,0.00862995,-209.9450173468619,22527.0,143439.0811049623,-209.9450173468619,-15.538133696861877
1722744423462199,0.00860055,-218.558917456492,23527.0,143482.13725810955,-218.558917456492,-16.213777606491988
1722744923478680,0.00862905,-218.53133436352846,23527.0,143499.35963222865,-218.53133436352846,-15.515675013528465
1722745423478422,0.00863765,-209.90150634131442,22527.0,143525.26676864305,-209.90150634131442,-15.321164791314402
1722745923463786,0.008634949999999999,-201.2539462824512,21527.0,143568.46852597926,-201.2539462824512,-15.369377632451233
1722746423489971,0.008527449999999999,-98.97563033224185,9527.0,143910.65361890913,-98.97563033224185,-17.734614182241856
1722746923456744,0.008519249999999999,-166.88133117428455,17527.0,144216.91075880232,-166.88133117428455,-17.564436424284565
1722747423501313,0.00847225,-226.48465937246473,24527.0,144395.22566665156,-226.48465937246473,-18.685783622464726
1722747923488904,0.00850415,-217.97806273783732,23527.0,144471.57442501778,-217.97806273783732,-17.900925687837315
1722748423968302,0.00849655,-234.9809776181079,25527.0,144539.63565069373,-234.9809776181079,-18.089545768107882
1722748923988588,0.008482449999999999,-217.97316033859335,23527.0,144624.589123801,-217.97316033859335,-18.406559188593377
1722749423990892,0.00851495,-192.44428317313557,20527.0,144667.06952056198,-192.44428317313557,-17.657904523135556
1722749923987247,0.00856005,-106.86353590965437,10527.0,144821.24196056125,-106.86353590965437,-16.751889559654373
1722750423980821,0.00854605,-98.19569110865362,9527.0,144966.87290638647,-98.19569110865362,-16.77747275865363
1722750923912258,0.00852215,-149.3472008743006,15527.0,145103.35570469024,-149.3472008743006,-17.023777824300623
1722751423990665,0.00852095,-157.84895544225327,16527.0,145162.9600406775,-157.84895544225327,-17.02321479225327
1722751923967022,0.00848905,-157.86218079636333,16527.0,145179.95126869448,-157.86218079636333,-17.563651446363338
1722752423973065,0.00848975,-191.69789877693606,20527.0,145264.63816461212,-191.69789877693606,-17.428800526936044
1722752923966244,0.00850305,-174.6839414040056,18527.0,145281.65212198504,-174.6839414040056,-17.14793405400559
1722753423987875,0.008503150000000001,-174.66653948169326,18527.0,145298.66950303857,-174.66653948169326,-17.128679431693257
1722753923951003,0.00846735,-166.1567057673649,17527.0,145358.0281771199,-166.1567057673649,-17.7494623173649
1722754423992713,0.00851125,-174.6157640608407,18527.0,145383.43664060946,-174.6157640608407,-16.927835310840692
1722754923985921,0.00848455,-140.6364938816105,14527.0,145417.4159107887,-140.6364938816105,-17.381436031610505
1722755423979623,0.00846005,-174.46357929963636,18527.0,145518.8614770637,-174.46357929963636,-17.72423294963636
1722755923971786,0.00847085,-123.60204420654073,12527.0,145586.67790698214,-123.60204420654073,-17.48770625654072
1722756424489851,0.00844925,-98.16084054067542,9527.0,145612.119110648,-98.16084054067542,-17.664835790675426
1722756924468458,0.00836595,-224.3232785147014,24527.0,145822.22675333553,-224.3232785147014,-19.1316228647014
1722757424497026,0.00834705,-224.32157992566678,24527.0,146022.25761446691,-224.32157992566678,-19.593484575666793
1722757924452536,0.008255450000000001,-232.57376851948567,25527.0,146395.62774553755,-232.57376851948567,-21.83689636948563
1722758425481029,0.008283849999999999,-224.285953624171,24527.0,146652.2179136962,-224.285953624171,-21.107964674171
1722758925474642,0.00816545,-232.52304290472273,25527.0,147137.64988100226,-232.52304290472273,-24.083600754722738
1722759425501689,0.00822185,-218.25586910956565,23764.0,147482.6088429236,-218.25586910956565,-22.871825709565655
1722759925468530,0.00827995,-135.55039417219575,13764.0,147829.18205077903,-135.55039417219575,-21.585162372195754
1722760425472532,0.00834055,-77.27774401968495,6764.0,147970.52682956337,-77.27774401968495,-20.86226381968494
1722760925489753,0.00840075,98.99906999961341,-14229.0,148331.0985486691,98.99906999961341,-20.53520175038659
1722761425459030,0.00840425,115.72635876926549,-16229.0,148533.01621611507,115.72635876926549,-20.66621448073451
1722761925470197,0.00839805,126.12269984377056,-17457.0,148657.39423117717,126.12269984377056,-20.482059006229463
1722762425478967,0.00841755,176.46697212763274,-23457.0,148791.85779135049,176.46697212763274,-20.983498222367245
1722762925491829,0.00847375,184.99238772174596,-24457.0,148935.7667155788,184.99238772174596,-22.25011602825404
1722763425456105,0.00846695,181.5254364080472,-24050.0,149050.7960561176,181.5254364080472,-22.104711091952822
1722763925454716,0.00846655,181.51364845401778,-24050.0,149169.5326904957,181.51364845401778,-22.106879045982225
1722764425473938,0.00847585,150.99188507277898,-20458.0,149318.75390552546,150.99188507277898,-22.40705422722101
1722764925456006,0.00851155,176.57654082490882,-23458.0,149378.36245234864,176.57654082490882,-23.087399075091184
1722765425459667,0.00849875,185.1156407868111,-24458.0,149420.90380435108,185.1156407868111,-22.746786713188897
1722765925476914,0.00846195,151.2501187148524,-20458.0,149522.6923255952,151.2501187148524,-21.86445438514758
1722766425453571,0.00843915,100.72940025993613,-14458.0,149674.66047322904,100.72940025993613,-21.283830440063866
1722766925488511,0.00850145,33.11810640527116,-6458.0,149776.1583508706,33.11810640527116,-21.784257694728844
1722767425464451,0.00852835,126.90764739721669,-17458.0,149938.24316397563,126.90764739721669,-21.98028690278332
1722767925497194,0.00853165,169.54701586242987,-22458.0,150014.84773962255,169.54701586242987,-22.056779837570133
1722768425497945,0.00849445,186.64433070090774,-24458.0,150065.97867421395,186.64433070090774,-21.112927399092257
1722768925458154,0.008570649999999999,195.1724232320337,-25458.0,150176.97347787747,195.1724232320337,-23.019184467966255
1722769425481488,0.00858335,160.76197979289438,-21458.0,150417.64215217115,160.76197979289438,-23.419544507105627
1722769925483947,0.008560749999999999,195.11305559819917,-25458.0,150623.7737512347,195.11305559819917,-22.8265179018008
1722770425492019,0.00856665,169.51137718524316,-22458.0,150769.2229925724,169.51137718524316,-22.878448514756855
1722770925460727,0.00856595,195.26139268100994,-25458.0,150863.51654093488,195.26139268100994,-22.81056241899003
1722771425484040,0.00856385,178.14209173983608,-23458.0,150966.32208290888,178.14209173983608,-22.74870156016391
1722771925477949,0.00853825,109.83290267414573,-15458.0,151051.7402748496,109.83290267414573,-22.151365825854285
1722772425475017,0.00852955,75.81877652957735,-11458.0,151136.8967506659,75.81877652957735,-21.912807370422655
1722772925489171,0.00855325,41.74148658205402,-7458.0,151222.25556506126,41.74148658205402,-22.048651917945975
1722773425489547,0.00853495,16.09703123915029,-4458.0,151265.0164061619,16.09703123915029,-21.951775860849708
1722773925484500,0.00851105,-0.8949978496016051,-2458.0,151350.1374354971,-0.8949978496016051,-21.815158749601604
1722774425463581,0.00853225,-0.8995108107025285,-2458.0,151384.25893701485,-0.8995108107025285,-21.87178131070253
1722774925481238,0.00869215,76.52818683828433,-11458.0,152035.19466987508,76.52818683828433,-23.066467861715665
1722775425471518,0.00864525,134.39673412822697,-18116.0,152368.67105591757,134.39673412822697,-22.220614871773023
1722775925481794,0.00868765,195.10553210732132,-25116.0,152655.00597050253,195.10553210732132,-23.09348529267868
1722776425497190,0.008726049999999999,195.1780019904346,-25116.0,152881.59340298714,195.1780019904346,-23.98546980956536
1722776925495675,0.00863215,151.53709561203004,-20116.0,153308.4016450505,151.53709561203004,-22.10723378796996
1722777425500548,0.008628150000000001,108.40112609406046,-15116.0,153437.88704930624,108.40112609406046,-22.02198930593957
1722777925478225,0.00868095,134.4479853656965,-18116.0,153567.94778693205,134.4479853656965,-22.816104834303502
1722778425489569,0.00868545,125.80415100181726,-17116.0,153663.30862448722,125.80415100181726,-22.856011198182742
1722778925395344,0.00868625,117.11760418331697,-16116.0,153758.81319929622,117.11760418331697,-22.87000081668303
1722779425458263,0.008650950000000001,82.49979126716404,-12116.0,153845.52548788147,82.49979126716404,-22.315118932835972
1722779925482753,0.00863895,39.24923812588312,-7116.0,153906.07730102137,39.24923812588312,-22.225530074116875
1722780425475029,0.00861485,-64.08499390617935,4884.0,154078.29997901307,-64.08499390617935,-22.01006650617935
1722780925456050,0.00854135,-192.39030474030025,19884.0,154326.3106706207,-192.39030474030025,-22.554101340300264
1722781425494492,0.00844725,-162.0128154544715,16295.0,154900.95230665966,-162.0128154544715,-24.3648767044715
1722781925457437,0.00838755,-237.83018496415082,25295.0,155532.52689556216,-237.83018496415082,-25.667107714150802
1722782425486509,0.0083324,-103.90714866499982,9214.0,156849.07283235522,-103.90714866499982,-27.13241506499982
1722782925500745,0.00831335,-44.297636647074775,2136.0,158123.79861190813,-44.297636647074775,-26.540321047074773
1722783425476587,0.00833435,-44.09838472532493,2136.0,159303.66572361218,-44.09838472532493,-26.296213125324925
1722783925465694,0.00828165,-35.30593306362305,1130.0,160586.783574686,-35.30593306362305,-25.947668563623054
1722784425486528,0.00821595,-117.29296925190826,11099.0,161541.06417469867,-117.29296925190826,-26.104140201908265
1722784925498406,0.008221550000000001,-64.85584600310199,4692.0,162504.6531864394,-64.85584600310199,-26.280333403101984
1722785425452175,0.00817355,-48.45806681873183,2689.0,163005.6325645772,-48.45806681873183,-26.47939086873183
1722785925505894,0.00812685,0.2427877731580086,-3311.0,163984.78218152243,0.2427877731580086,-26.665212576841988
1722786425477947,0.00812235,37.86262893856163,-7927.0,164380.5681911879,37.86262893856163,-26.523239511438376
1722786925459725,0.00799635,14.359929073507413,-4927.0,165256.36507355684,14.359929073507413,-25.03808737649258
1722787426969544,0.0079651,-25.763148600122037,104.0,166335.0205510314,-25.763148600122037,-24.934778200122036
1722787926997120,0.00810025,78.37144629071237,-12896.0,167937.52711460038,78.37144629071237,-26.089377709287632
1722788426975466,0.00787635,-101.75418147126709,9672.0,169557.0882986675,-101.75418147126709,-25.57412427126708
1722788926963813,0.00790105,-85.9917364563668,7672.0,170631.84378607888,-85.9917364563668,-25.374880856366794
1722789426995907,0.007946149999999999,-62.16349009514758,4672.0,171577.54001735366,-62.16349009514758,-25.039077295147585
1722789926969230,0.00795035,-22.241670538986746,-328.0,172220.59082254078,-22.241670538986746,-24.849385338986746
1722790426982977,0.00787185,-8.303760655030663,-2082.0,173055.319376182,-8.303760655030663,-24.692952355030663
1722790926999204,0.007784050000000001,-110.11229194694535,10918.0,174189.5964820891,-110.11229194694535,-25.126034046945335
1722791426972412,0.007759749999999999,-94.04324916167387,8918.0,175639.058587295,-94.04324916167387,-24.841798661673877
1722791926996856,0.00784875,7.137293319173665,-4082.0,178264.97474734255,7.137293319173665,-24.901304180826337
1722792426988056,0.00787615,-0.6572092598053043,-3068.0,179811.88516551108,-0.6572092598053043,-24.821237459805303
1722792926992525,0.007865549999999999,-74.18603804185359,6324.0,181144.59099979,-74.18603804185359,-24.4442998418536
1722793426976974,0.007775799999999999,-156.61509988153722,16961.0,182932.9892775044,-156.61509988153722,-24.729756081537232
1722793927000180,0.00799385,13.904274449367136,-5195.0,187022.64721887276,13.904274449367136,-27.623776300632862
1722794426992716,0.007961349999999999,-30.502853127177243,462.0,188510.24994858264,-30.502853127177243,-26.824709427177243
1722794926979554,0.00808295,186.15957833845405,-26538.0,189817.67932362674,186.15957833845405,-28.345748761545963
1722795426970301,0.008018250000000001,71.72876351715917,-12400.0,191505.3376858906,71.72876351715917,-27.697536482840846
1722795926987459,0.00807745,15.864273681017309,-5400.0,193061.5374527007,15.864273681017309,-27.753956318982688
1722796426998691,0.00807945,-21.631539993839844,-766.0,193988.3481555461,-21.631539993839844,-27.820398693839845
1722796926992517,0.008100300000000001,-70.10807814876166,5234.0,194506.02525959336,-70.10807814876166,-27.711107948761658
1722797426967778,0.00818355,71.48308661687898,-12136.0,195243.09852044354,71.48308661687898,-27.832476183121017
1722797926983351,0.00820535,-68.30046738883676,4864.0,196502.8146719202,-68.30046738883676,-28.389644988836764
1722798426970592,0.008178350000000001,-225.99398905819908,24252.0,197491.5839654588,-225.99398905819908,-27.652644858199068
1722798926978707,0.00831625,-19.231102364560954,-748.0,198327.3079691191,-19.231102364560954,-25.451657364560955
1722799426993826,0.00844285,-2.6570490459143628,-2748.0,199315.87744438398,-2.6570490459143628,-25.85800084591436
1722799926974496,0.00840205,-35.95833581802788,1252.0,200257.8095191954,-35.95833581802788,-25.43896921802788
1722800426972550,0.00838365,-77.76735249787356,6252.0,200702.073020049,-77.76735249787356,-25.35277269787356
1722800926983277,0.00839055,-40.689822676584356,1847.0,201373.21843869024,-40.689822676584356,-25.192476826584354
1722801427002175,0.00838125,-104.29693014908788,9441.0,201756.0152229758,-104.29693014908788,-25.169548899087886
1722801926979977,0.0084031,-78.99595604713099,6441.0,202133.00573998856,-78.99595604713099,-24.871588947130988
1722802426968525,0.008515149999999999,23.293529480530175,-5659.0,202668.70765104558,23.293529480530175,-24.893704369469823
1722802926979561,0.00846465,74.2183958201216,-11659.0,203211.38944021688,74.2183958201216,-24.470958529878402
1722803426991708,0.00845635,23.51486421738762,-5659.0,203363.724558324,23.51486421738762,-24.339620432612378
1722803926981148,0.00835285,-161.11913718791513,16341.0,203901.55405049783,-161.11913718791513,-24.625215337915137
1722804426954385,0.00831915,-210.7849874143283,22341.0,204400.27244361697,-210.7849874143283,-24.926857264328277
1722804926963247,0.00832895,-219.04431978965312,23341.0,204725.55855302763,-219.04431978965312,-24.63829783965312
1722805426957121,0.00833155,-160.41506251188466,16341.0,204934.6087520857,-160.41506251188466,-24.269203961884642
1722805926971992,0.008342849999999999,-160.2746442904783,16341.0,205201.0458966954,-160.2746442904783,-23.944132440478313
1722806426971433,0.00831695,-181.9646090173595,18942.0,205455.8349831991,-181.9646090173595,-24.42494211735948
1722806926953801,0.0082443,-248.18543318440626,26942.0,205637.7618385842,-248.18543318440626,-26.06750258440627
1722807426951693,0.008280550000000001,-231.7177887001564,24942.0,205753.43456486147,-231.7177887001564,-25.18431060015638
1722807926952873,0.00828745,-223.4182915518507,23942.0,205811.42392986495,-223.4182915518507,-25.0001636518507
1722808426991353,0.008268049999999999,-198.40398504773327,20942.0,205869.60232290844,-198.40398504773327,-25.254481947733296
1722808926996014,0.00825295,-190.09628998454124,19942.0,206059.49706412395,-190.09628998454124,-25.51596108454123
1722809426984207,0.0082895,-231.585309659703,24976.0,206528.90210485845,-231.585309659703,-24.54675765970299
1722809926996435,0.00827635,27.4368121961323,-6024.0,207354.61121440394,27.4368121961323,-22.419920203867697
1722810426979699,0.00833305,30.775421296509865,-6419.0,207832.33060327792,30.775421296509865,-22.714426653490133
1722810926965855,0.00831805,64.30210715071568,-10419.0,208249.62724627616,64.30210715071568,-22.363655799284317
1722811426983523,0.008268649999999999,-35.27062786189181,1581.0,208564.8519482906,-35.27062786189181,-22.197892211891812
1722811926957430,0.00823455,-68.10908623958545,5581.0,208828.43770914376,-68.10908623958545,-22.15206268958545
1722812426983142,0.00823915,-92.79581888248212,8581.0,208935.51737151443,-92.79581888248212,-22.095672732482114
1722812926962674,0.008177750000000001,-221.87618120308292,24316.0,209179.56362539824,-221.87618120308292,-23.0260122030829
1722813426958405,0.00812565,-213.77867816606408,23316.0,209334.5260727432,-213.77867816606408,-24.32102276606409
1722813926956801,0.00815695,-181.04272961298977,19316.0,209659.59708546754,-181.04272961298977,-23.48308341298977
1722814426990906,0.00816145,-123.7436598329945,12316.0,209912.83165640605,-123.7436598329945,-23.22724163299449
1722814926965864,0.00814275,-107.34709824266672,10316.0,210092.37468438735,-107.34709824266672,-23.346489242666706
1722815426952834,0.00807975,-212.65226991207058,23316.0,210262.51940871327,-212.65226991207058,-24.26481891207058
1722815926980399,0.00808265,-188.36858766099525,20316.0,210609.27887876652,-188.36858766099525,-24.16147026099523
1722816428999653,0.00812875,-144.5039627791159,14931.0,210938.89897941684,-144.5039627791159,-23.133596529115906
1722816928971239,0.008030849999999999,-120.46059123581718,11965.0,211510.91600279315,-120.46059123581718,-24.371470985817183
1722817428964605,0.00810475,-21.63392326498387,-253.0,214284.1040193435,-21.63392326498387,-23.68442501498387
1722817928974166,0.00806525,-26.439847600666525,367.0,215634.35945377155,-26.439847600666525,-23.479900850666525
1722818428953564,0.00799775,-95.36834486511738,9005.0,217820.61208491394,-95.36834486511738,-23.348606115117377
1722818928978032,0.007864349999999999,-57.86303973792748,4273.0,220122.5360696555,-57.86303973792748,-24.25867218792748
1722819428951273,0.00770135,-127.08783696247818,13409.0,222260.03984009562,-127.08783696247818,-23.820434812478183
1722819929017674,0.0076355,-105.85543542628037,10798.0,226660.87951813478,-105.85543542628037,-23.40730642628037
1722820429006239,0.00709525,-20.958248749809165,-1202.0,236414.22118564532,-20.958248749809165,-29.486739249809165
1722820928990246,0.007404249999999999,-28.671811571363836,-136.0,244303.92841064598,-28.671811571363836,-29.678789571363836
1722821428991783,0.00724085,-111.95220221798607,10864.0,250840.5669895646,-111.95220221798607,-33.28760781798607
1722821928998491,0.0073568,-44.63674048527368,1495.0,255666.13758914347,-44.63674048527368,-33.63832448527368
1722822428968279,0.007229950000000001,-83.99177980416083,6895.0,259153.73481931057,-83.99177980416083,-34.14127455416082
1722822928993293,0.0072580000000000006,-25.64750990155281,-1107.0,261827.38638163244,-25.64750990155281,-33.682115901552805
1722823428980104,0.00707205,-93.82769741368764,8473.0,264702.22671217786,-93.82769741368764,-33.90621776368764
1722823928966939,0.00709855,-15.024392306973699,-2617.0,268611.1895706043,-15.024392306973699,-33.6012976569737
1722824428967101,0.007048550000000001,-7.391435263451379,-3677.0,272988.8943139233,-7.391435263451379,-33.30895361345138
1722824928990675,0.007134049999999999,-81.6061562916691,6705.0,276447.67757322866,-81.6061562916691,-33.7723510416691
1722825428992558,0.00706595,-106.51124393677627,10275.0,279381.9895264197,-106.51124393677627,-33.908607686776264
1722825928988585,0.00700955,-28.677595582886767,-813.0,281923.64784623036,-28.677595582886767,-34.37635973288677
1722826428977728,0.0071412,23.80004246921107,-8132.0,284999.3923316098,23.80004246921107,-34.27219593078893
1722826928984964,0.0071112499999999995,29.076446782736486,-8770.0,286865.7693000937,29.076446782736486,-33.28921571726352
1722827428952954,0.00703085,-10.361997323767518,-3191.0,288625.5033794642,-10.361997323767518,-32.797439673767514
1722827928973033,0.00700045,11.010087929239162,-6191.0,290441.68224520545,11.010087929239162,-32.32969802076084
1722828428996469,0.007059950000000001,69.03062812235424,-14339.0,291854.23451530124,69.03062812235424,-32.20199492764577
1722828928996323,0.00702135,-57.35079050748624,3661.0,293262.12265780376,-57.35079050748624,-31.64562815748624
1722829428975970,0.00709835,13.216436629993236,-6339.0,294336.1891787019,13.216436629993236,-31.78000402000676
1722829928999977,0.00704225,1.5743660422067158,-4635.0,295473.0024373371,1.5743660422067158,-31.06646270779328
1722830428963303,0.0070148499999999996,37.27089751995558,-9635.0,296298.5346537931,37.27089751995558,-30.31718223004441
1722830928951487,0.007052050000000001,-59.97159466309898,4245.0,297400.6282707573,-59.97159466309898,-30.03564241309898
1722831428962892,0.00712985,69.97548778833198,-14066.0,298604.6388216587,69.97548778833198,-30.312982311668023
1722831929001156,0.00704705,-108.16002568898928,11076.0,299435.6801069062,-108.16002568898928,-30.106899888989275
1722832428977798,0.007041749999999999,-93.87819380201434,9076.0,300192.1498332792,-93.87819380201434,-29.96727080201434
1722832928995544,0.00701095,-163.28135084883928,19061.0,300943.367536936,-163.28135084883928,-29.645632898839267
1722833428957194,0.0069717500000000005,-149.27253102715636,17091.0,301486.8749295922,-149.27253102715636,-30.11835177715635
1722833928972321,0.00702855,-102.0181610984078,10373.0,302122.2208617104,-102.0181610984078,-29.111011948407807
1722834428995483,0.006892850000000001,-122.78736455584175,13373.0,303378.2178557188,-122.78736455584175,-30.609281505841736
1722834928966371,0.00685515,34.8292484845422,-10040.0,307669.1657008064,34.8292484845422,-33.9964575154578
1722835429000697,0.00694285,78.03949614997435,-16290.0,312072.014983317,78.03949614997435,-35.05953035002565
1722835928993828,0.0070047500000000006,-18.206886778503875,-2439.0,315262.98353400466,-18.206886778503875,-35.291472028503875
1722836428965342,0.00701325,-53.04011077028103,2561.0,317951.2429384267,-53.04011077028103,-35.079177520281036
1722836928962518,0.00695865,-38.100385495458944,561.0,319969.23979489354,-38.100385495458944,-34.19658284545894
1722837428960477,0.00692865,-81.15480212956452,6853.0,321972.2337803682,-81.15480212956452,-33.67276367956452
1722837928984858,0.0067725500000000004,-55.55377207196478,3313.0,324435.01327543287,-55.55377207196478,-33.116313921964775
1722838428975648,0.0068166500000000005,-34.82899627854739,342.0,328670.0599239332,-34.82899627854739,-32.49770197854739
1722838928983677,0.00663305,-108.22334396774454,11340.0,333060.40918736166,-108.22334396774454,-33.00455696774455
1722839428952895,0.00637055,-41.46165638947238,960.0,340824.0395892626,-41.46165638947238,-35.345928389472384
1722839928998563,0.0063282500000000005,-61.55237166444651,4168.0,346621.899280066,-61.55237166444651,-35.176225664446505
1722840428979566,0.0063461,-1.5030773695420674,-5503.0,352938.47408537293,-1.5030773695420674,-36.42566566954207
1722840928978787,0.0064546,-7.512154860090707,-4503.0,358474.6048012042,-7.512154860090707,-36.57721866009071
1722841428960013,0.0065492499999999995,40.69036100619832,-11715.0,362225.9159613635,40.69036100619832,-36.034102743801675
1722841928963880,0.0066098500000000004,7.000494465811794,-6547.0,365673.3550858073,7.000494465811794,-36.2741934841882
1722842428986683,0.00670775,66.92659319170824,-15430.0,368213.7445917429,66.92659319170824,-36.57398930829177
1722842928968146,0.00673005,54.577021143159115,-13465.0,371120.6693740319,54.577021143159115,-36.04310210684088
1722843428960495,0.00677805,88.29526536283754,-18465.0,373573.33948398416,88.29526536283754,-36.86142788716246
1722843928987161,0.00682965,-26.18496863584904,-1714.0,375859.00451923907,-26.18496863584904,-37.890988735849035
1722844428979098,0.00679275,-17.716435400330276,-2714.0,377729.15378889523,-17.716435400330276,-36.15195890033028
1722844930501804,0.0068154,9.71419786950207,-6652.0,379109.1171554211,9.71419786950207,-35.62184293049793
1722845430505092,0.006748,-178.62980025705048,21121.0,380852.5526005697,-178.62980025705048,-36.10529225705048
1722845930488457,0.00681725,17.483944703554343,-7879.0,382382.3243317374,17.483944703554343,-36.22916804644566
1722846430456426,0.00672265,-56.537176038191355,3124.0,383659.352555426,-56.537176038191355,-35.53561743819135
1722846930483965,0.00673955,46.11081342568233,-12119.0,384778.3359110927,46.11081342568233,-35.56579302431768
1722847430488209,0.0065787,-64.62487674593244,4626.0,386071.7248808649,-64.62487674593244,-34.19181054593244
1722847930479563,0.00658845,-139.17330680796817,15968.0,387434.1860895161,-139.17330680796817,-33.96893720796817
1722848430494675,0.0066078000000000005,17.541730852368143,-7791.0,388262.8837497933,17.541730852368143,-33.93963894763186
1722848930483991,0.006615950000000001,63.842086396688714,-14791.0,389142.09381053835,63.842086396688714,-34.0144300533113
1722849430495850,0.00657805,-66.28665820541673,5209.0,390071.73869984783,-66.28665820541673,-32.021595755416726
1722849930474795,0.0066234499999999995,6.491957302513601,-5776.0,390959.2713450431,6.491957302513601,-31.765089897486394
1722850430459059,0.0065755499999999995,13.37502523172949,-6776.0,391955.6154385768,13.37502523172949,-31.180901568270507
1722850930464179,0.00659205,39.70663016668848,-10776.0,392587.6810628434,39.70663016668848,-31.329300633311526
1722851430472290,0.00643285,-178.95371431275632,22985.0,393959.3362474229,-178.95371431275632,-31.094657062756312
1722851930492665,0.006506349999999999,-49.448729230188015,2968.0,395237.0842356954,-49.448729230188015,-30.137882430188018
1722852430499152,0.00645625,-23.32088475667496,-1032.0,396201.9991363846,-23.32088475667496,-29.983734756674963
1722852930485733,0.00632935,-106.24353929691081,11968.0,397710.7958582226,-106.24353929691081,-30.49387849691081
1722853430473850,0.006247600000000001,-88.6000582402799,9173.0,399400.6961221806,-88.6000582402799,-31.2908234402799
1722853930496647,0.00626335,-88.01895371798997,9182.0,400853.97531769285,-88.01895371798997,-30.508874017989974
1722854430490201,0.00618995,-96.08015000477666,10362.0,403059.7481894906,-96.08015000477666,-31.939888104776657
1722854930462113,0.00619545,-21.35905083388394,-1644.0,405577.1624515443,-21.35905083388394,-31.544370633883943
1722855430468023,0.00613675,33.39951497120711,-10491.0,407470.8809620567,33.39951497120711,-30.981129278792892
1722855930454016,0.00602475,-57.743440557664144,4540.0,409675.15263272583,-57.743440557664144,-30.391075557664145
1722856430453351,0.006163500000000001,-33.73008225032573,497.0,412409.9396343489,-33.73008225032573,-30.66682275032573
1722856930494530,0.0060062499999999994,-82.56286577914935,8445.0,415192.8991308111,-82.56286577914935,-31.84008452914935
1722857430463259,0.0059549,8.584761579072843,-6495.0,418139.60898618057,8.584761579072843,-30.092313920927158
1722857930483496,0.00590775,18.81586399904012,-8210.0,421199.01492448844,18.81586399904012,-29.686763500959877
1722858430496718,0.006084050000000001,79.91784188597572,-18221.0,423706.87013606104,79.91784188597572,-30.939633164024286
1722858930486757,0.00619865,49.115824290661045,-13193.0,426298.4143271598,49.115824290661045,-32.66296515933896
1722859430484310,0.0062737,-9.437341487757168,-3743.0,429017.1661214515,-9.437341487757168,-32.919800587757166
1722859930486586,0.006353050000000001,-75.4650987796897,6667.0,432321.92816701194,-75.4650987796897,-33.10931442968969
1722860430479869,0.0061832,-148.3009921209662,18187.0,435036.7870510652,-148.3009921209662,-35.84713372096621
1722860930468588,0.00606925,-123.68372420574062,14449.0,437676.37758832163,-123.68372420574062,-35.98913095574062
1722861430502743,0.00619105,1.3059202303472235,-6032.0,441480.07145115547,1.3059202303472235,-36.03849336965278
1722861930501990,0.006261,-124.3971256214821,13968.0,445178.80256809626,-124.3971256214821,-36.9434776214821
1722862430457449,0.006204599999999999,-186.14524317866946,23873.0,448545.8917307265,-186.14524317866946,-38.02282737866949
1722862930471626,0.00608325,-72.53990422907488,5778.0,451956.4475957523,-72.53990422907488,-37.390885729074874
1722863430488372,0.006219199999999999,-82.0532074446247,7207.0,455113.0445602185,-82.0532074446247,-37.23143304462471
1722863930470930,0.0061326,-68.85690562761447,5103.0,457456.3531891059,-68.85690562761447,-37.56224782761447
1722864430459210,0.006017150000000001,-173.55944177732337,22381.0,459945.33416690765,-173.55944177732337,-38.88960762732336
1722864930502732,0.0064229000000000005,-41.76608739672777,415.0,465306.38563125103,-41.76608739672777,-39.10058389672777
1722865430472360,0.00643305,-38.19643996868922,-1.0,471305.46763067914,-38.19643996868922,-38.20287301868922
1722865930458079,0.00669815,-33.823363608168194,-696.0,476173.7683004405,-33.823363608168194,-38.48527600816819
1722866430500008,0.00675865,-1.0552568287290143,-5696.0,480172.25177735894,-1.0552568287290143,-39.55252722872901
1722866930453791,0.00678485,-51.91829668570882,1817.0,485890.7463314207,-51.91829668570882,-39.59022423570882
1722867430471792,0.0068655,-66.96726603255395,3993.0,489297.1468642653,-66.96726603255395,-39.55332453255395
1722867930453015,0.0069037000000000005,-66.24107394849582,3993.0,492080.4425642433,-66.24107394849582,-38.67459984849582
1722868430463430,0.00687065,-56.37161600147574,2588.0,495210.9162280553,-56.37161600147574,-38.59037380147574
1722868930472934,0.00704075,53.46832829298264,-13339.0,498054.58537439065,53.46832829298264,-40.44823595701737
1722869430466084,0.00704625,106.31932241477782,-20792.0,501221.2229953558,106.31932241477782,-40.18630758522218
1722869930491377,0.0070101,21.026595986309275,-8792.0,503477.97362321755,21.026595986309275,-40.606203213690726
1722870447501192,0.0069898,-41.65235387090679,140.0,505762.85641518317,-41.65235387090679,-40.673781870906794
1722870947454612,0.00709575,12.571497632648594,-7569.0,507945.75460113736,12.571497632648594,-41.13623411735141
1722871447464738,0.00702965,-84.03008562269889,6147.0,510628.3795539836,-84.03008562269889,-40.81882707269889
1722871947453393,0.00702645,-155.9275880846337,16386.0,512383.2196208227,-155.9275880846337,-40.7921783846337
1722872447457110,0.00714205,-34.4094777501265,-777.0,514175.62372853246,-34.4094777501265,-39.958850600126496
1722872947489868,0.00712845,14.67472183872751,-7628.0,516014.05590213847,14.67472183872751,-39.701094761272486
1722873447482206,0.00715585,25.84950632892775,-9224.0,517697.7095765617,25.84950632892775,-40.15605407107226
1722873947963437,0.007176500000000001,-28.516417818162765,-1522.0,520040.0833759003,-28.516417818162765,-39.43905081816277
1722874447986800,0.00749465,-0.25298224537198344,-5228.0,524267.6124601489,-0.25298224537198344,-39.43501244537198
1722874947980000,0.00748105,-76.92857166977726,5092.0,527680.5233282247,-76.92857166977726,-38.83506506977725
1722875447974465,0.007522050000000001,-149.37660769222748,14755.0,530683.0694799498,-149.37660769222748,-38.388759942227466
1722875947998249,0.0072835999999999994,-192.16537462060114,20763.0,534168.8234704769,-192.16537462060114,-40.935987820601156
1722876447961391,0.007286249999999999,-89.53147544601813,6763.0,536275.4509282017,-89.53147544601813,-40.25456669601814
1722876948002323,0.00727795,-159.9263854907912,16448.0,537614.2057093771,-159.9263854907912,-40.218663890791206
1722877447968501,0.00723485,-58.879371954442,2448.0,539101.9334467232,-58.879371954442,-41.168459154442004
1722877947989809,0.00728085,-79.6788105018682,5448.0,540454.5151185725,-79.6788105018682,-40.0127397018682
1722878447996085,0.00727355,-8.151404693200092,-4303.0,541796.4770182015,-8.151404693200092,-39.4494903432001
1722878948002402,0.00723905,-29.759561925202778,-1303.0,542650.2459318719,-29.759561925202778,-39.19204407520278
1722879447971192,0.00729565,-56.66672379209524,2390.0,543535.4795767809,-56.66672379209524,-39.230120292095236
1722879947953529,0.00728755,-148.98144442736933,15075.0,544094.3743734723,-148.98144442736933,-39.12162817736932
1722880448003856,0.007327149999999999,56.471102823847346,-12925.0,545412.8497787861,56.471102823847346,-38.23231092615265
1722880947993123,0.007248,12.799414464611614,-6925.0,546418.5856526892,12.799414464611614,-37.392985535388384
1722881447960339,0.00718005,-109.35732106959152,10075.0,547409.0215874717,-109.35732106959152,-37.01831731959152
1722881947956159,0.00713335,-180.75078616267604,20075.0,548269.3621447087,-180.75078616267604,-37.54878491267604
1722882448002924,0.00708115,-206.26863813438942,23687.0,549495.6321164238,-206.26863813438942,-38.537438084389436
1722882947963816,0.00714645,36.19707726350454,-10313.0,550293.9527277076,36.19707726350454,-37.50426158649546
1722883447976245,0.0070749,-48.63683856441281,1687.0,550763.2578751881,-48.63683856441281,-36.70148226441281
1722883947956240,0.00705385,-69.80206038926846,4687.0,551534.7978799229,-69.80206038926846,-36.74066543926846
1722884447999941,0.006986050000000001,-118.60312253359214,11687.0,551975.8990835012,-118.60312253359214,-36.95715618359213
1722884947967951,0.00705365,65.43070102401899,-14313.0,552809.487856055,65.43070102401899,-35.52819142598101
1722885447966577,0.0070532500000000005,39.354412520983566,-10633.0,553809.279169085,39.354412520983566,-35.64279472901644
1722885947974870,0.0072113,116.71576599861751,-21633.0,555384.7934537301,116.71576599861751,-39.28628690138248
1722886447999377,0.0071421,45.669755899119615,-11633.0,557333.6978512773,45.669755899119615,-37.41429340088039
1722886947969982,0.007045249999999999,-166.99955451753388,18379.0,558525.2512714909,-166.99955451753388,-37.51490476753389
1722887447998665,0.00699895,-218.1660798087267,25680.0,559590.2201200703,-218.1660798087267,-38.433043808726694
1722887947969345,0.007075049999999999,-28.35275398349792,-1320.0,560636.8611889125,-28.35275398349792,-37.69181998349792
1722888447964069,0.00716725,87.970771350195,-17617.0,561968.7892883839,87.970771350195,-38.29467189980501
1722888947995922,0.00714365,81.1292547372607,-16617.0,562765.918204063,81.1292547372607,-37.576777312739296
1722889447998425,0.00716475,110.2845825928115,-20617.0,563407.3714893963,110.2845825928115,-37.431068157188506
1722889947987762,0.00719865,126.86374110634817,-22916.0,563977.7049525614,126.86374110634817,-38.10052229365182
1722890447981352,0.00714365,105.63244239486542,-19916.0,564469.7780340887,105.63244239486542,-36.64049100513458
1722890947961288,0.007112449999999999,5.812118941497107,-5959.0,565141.8176185057,5.812118941497107,-36.57097060850289
1722891447986631,0.00708575,-70.97613356169684,4893.0,565431.2659562809,-70.97613356169684,-36.30555881169684
1722891947983919,0.007156549999999999,-58.66752941928102,3194.0,566245.3517133034,-58.66752941928102,-35.80950871928102
1722892447983705,0.00716975,-64.97165651384714,4095.0,567146.1173066956,-64.97165651384714,-35.611530263847136
1722892947997995,0.00719555,-6.807800659099971,-3882.0,568329.5099767363,-6.807800659099971,-34.74092575909997
1722893447983977,0.00718105,29.183110554780853,-8882.0,568667.103647093,29.183110554780853,-34.59897554521914
1722893947982239,0.00715705,93.77371392155383,-17882.0,568846.6933105914,93.77371392155383,-34.20865417844617
1722894447973533,0.00709965,108.0683100242144,-19882.0,568918.0093188892,108.0683100242144,-33.0869312757856
1722894947989680,0.007086449999999999,122.15750651962172,-21882.0,568946.2577660278,122.15750651962172,-32.90819238037825
1722895447955741,0.00712835,131.3982913457186,-23175.0,569405.3144784708,131.3982913457186,-33.801219904281396
1722895947984057,0.007068049999999999,-65.7456964817863,4526.0,570116.9206383796,-65.7456964817863,-33.755702181786305
1722896447991561,0.007155399999999999,-72.59395337634483,5526.0,570976.1964283102,-72.59395337634483,-33.05321297634483
1722896948002351,0.0072346500000000005,-122.83185886721888,12526.0,571602.4899128189,-122.83185886721888,-32.210632967218885
1722897448009547,0.007214750000000001,-43.05912218964651,1526.0,572116.3030416039,-43.05912218964651,-32.04941368964651
1722897947989385,0.00724025,58.69129674014935,-12474.0,572493.7520066424,58.69129674014935,-31.62358175985066
1722898447972144,0.00721745,43.13666042330209,-10317.0,572755.1641401921,43.13666042330209,-31.32577122669791
1722898948000600,0.00721195,-23.921513725545765,-1010.0,573062.6823607791,-23.921513725545765,-31.205583225545766
1722899447992807,0.0072621,136.70308384715076,-23010.0,573704.1422206394,136.70308384715076,-30.397837152849235
1722899947980503,0.007196350000000001,136.90105346940692,-23010.0,574340.2447120001,136.90105346940692,-28.6869600305931
1722900447985064,0.007112,79.94203932641383,-15010.0,574926.0814388925,79.94203932641383,-26.809080673586166
1722900947964539,0.00711735,58.818722256379694,-12010.0,575316.794864794,58.818722256379694,-26.6606512436203
1722901447965609,0.007082649999999999,20.38539446049181,-6599.0,575610.9967554939,20.38539446049181,-26.353012889508186
1722901947990059,0.00710475,-22.06507850453532,-599.0,575908.5359835989,-22.06507850453532,-26.320823754535322
1722902449458307,0.00704325,-22.16250770993533,-599.0,576148.2596513582,-22.16250770993533,-26.38141445993533
1722902949479994,0.00723145,127.76806957492491,-21599.0,576988.1812831652,127.76806957492491,-28.424018975075086
1722903449471963,0.007444350000000001,157.07025307409464,-25599.0,578599.4157803606,157.07025307409464,-33.497662575905366
1722903949477812,0.007495750000000001,100.00443998222589,-17929.0,580999.7202893709,100.00443998222589,-34.386861767774136
1722904449476571,0.0075812499999999994,117.54394001711803,-20161.0,582333.1434749913,117.54394001711803,-35.30164123288195
1722904949465336,0.00760635,107.73924728572456,-18823.0,583501.696955796,107.73924728572456,-35.43507876427543
1722905449469331,0.00766045,134.1115674841925,-22171.0,584694.7960087643,134.1115674841925,-35.7282694658075
1722905949488820,0.0076142499999999995,118.02992203733683,-20032.0,585503.0041168034,118.02992203733683,-34.49873396266315
1722906449495374,0.0076485500000000005,87.77477631308399,-16032.0,586499.9074216431,87.77477631308399,-34.84677728691602
1722906949478105,0.0077380999999999995,27.522490838301763,-8032.0,587405.2445851155,27.522490838301763,-34.629928361698234
1722907449481954,0.0077275,-32.38659076773443,-234.0,588785.9042477453,-32.38659076773443,-34.194825767734436
1722907949458676,0.00763215,-201.81642387300084,21766.0,589724.517055183,-201.81642387300084,-35.69504697300084
1722908449468859,0.007574849999999999,-216.9503418148975,23766.0,590879.395544481,-216.9503418148975,-36.92645671489754
1722908949492581,0.007590400000000001,-140.8651096148689,13766.0,591487.0523101593,-140.8651096148689,-36.37566321486891
1722909449479205,0.0076659499999999995,19.784780957938867,-7234.0,592121.1843818818,19.784780957938867,-35.670701342061136
1722909949466223,0.00767505,10.363090092413255,-5967.0,592753.2343915981,10.363090092413255,-35.433933257586745
1722910449501726,0.007640849999999999,71.70653555343542,-13967.0,593273.6552293536,71.70653555343542,-35.01321639656457
1722910949476428,0.0077103,148.4830515810193,-23967.0,593886.6854664404,148.4830515810193,-36.30970851898067
1722911449454880,0.00768865,102.4066380425709,-17967.0,594284.695204611,102.4066380425709,-35.73533650742908
1722911949461360,0.007696949999999999,94.66764196335944,-16967.0,594816.2534738395,94.66764196335944,-35.926508686640545
1722912449499991,0.00763795,94.9760240096235,-16967.0,595290.3012062287,94.9760240096235,-34.6170736403765
1722912949464174,0.00767985,140.94640072114746,-22967.0,595519.938999685,140.94640072114746,-35.43671422885254
1722913449460313,0.00767935,131.47621106855388,-21751.0,596129.5973906837,131.47621106855388,-35.557330781446126
1722913949454666,0.00772005,154.6485765650696,-24751.0,596830.396036342,154.6485765650696,-36.43038098493042
1722914449458775,0.0076964500000000005,93.11918463068892,-16751.0,597307.0433466672,93.11918463068892,-35.804049319311076
1722914949473040,0.00770705,62.32652973564945,-12751.0,597522.9485059918,62.32652973564945,-35.94606481435054
1722915449478977,0.007736949999999999,85.64452484161497,-15751.0,597839.7874309504,85.64452484161497,-36.22017460838502
1722915949484576,0.0076710500000000004,70.25056623638167,-13751.0,598055.2463707291,70.25056623638167,-35.23404231361833
1722916449491526,0.00770455,75.31409782642268,-14406.0,598306.064715136,75.31409782642268,-35.67764947357732
1722916949461826,0.00761945,75.48774298050046,-14406.0,598520.6526478312,75.48774298050046,-34.27805371949954
1722917449498496,0.0077039,149.317212210877,-24062.0,598808.423580586,149.317212210877,-36.05402958912299
1722917949479944,0.007747749999999999,118.5074353168649,-20062.0,599256.8660525467,118.5074353168649,-36.9279251831351
1722918449461063,0.00777595,134.21299285511446,-22062.0,599722.9152864753,134.21299285511446,-37.340016044885544
1722918949485176,0.00782565,87.43735021821801,-16062.0,600223.4690817177,87.43735021821801,-38.25824008178199
1722919449478868,0.00779815,39.90315637415734,-9960.0,600567.7353455207,39.90315637415734,-37.76641762584266
1722919949497631,0.00782805,47.95703505835694,-10960.0,601197.9537627687,47.95703505835694,-37.838392941643065
1722920449467605,0.00797325,152.24837657831097,-24170.0,602141.1611949531,152.24837657831097,-40.46507592168902
1722920949463271,0.00795205,96.75288109260336,-17170.0,603230.9568825831,96.75288109260336,-39.78381740739664
1722921449485733,0.00792165,39.3925142611018,-9928.0,603887.6129598729,39.3925142611018,-39.2536269388982
1722921949475184,0.00793085,111.12458285033532,-18928.0,604564.1668946412,111.12458285033532,-38.99054594966469
1722922449515341,0.007876999999999999,27.310931092722726,-8297.0,605123.7209777288,27.310931092722726,-38.04453790727726
1722922949496363,0.00799385,93.94046848957122,-16666.0,605763.1394333722,93.94046848957122,-39.28503561042878
1722923449471306,0.00811225,135.44632470152902,-21856.0,607013.9959961519,135.44632470152902,-41.85501129847097
1722923949480140,0.0080983,102.97664533597558,-17856.0,607777.1062491591,102.97664533597558,-41.62659946402442
1722924449470177,0.00816905,90.72480517957798,-16292.0,608624.5397297305,90.72480517957798,-42.36535742042203
1722924949460257,0.00803835,66.81806127496291,-13292.0,609263.8942353202,66.81806127496291,-40.027686925037074
1722925449475113,0.008078450000000001,-25.97390052361958,-1669.0,609709.9022412229,-25.97390052361958,-39.45683357361958
1722925949462762,0.00809735,30.757412691307174,-8669.0,610219.9381995624,30.757412691307174,-39.43851445869283
1722926449444437,0.00808065,-32.15067498620374,-916.0,611275.9441025426,-32.15067498620374,-39.55255038620374
1722926949456149,0.00807275,-15.84941483537196,-2916.0,611808.4949713114,-15.84941483537196,-39.389553835371956
1722927451500324,0.008043149999999999,-4.595791340716423,-4285.0,612136.5879447977,-4.595791340716423,-39.06068909071642
1722927951476658,0.00801045,-36.646830401204426,-285.0,612537.5861509773,-36.646830401204426,-38.929808651204425
1722928452478228,0.00796555,-76.391828612364,4715.0,612833.7621745685,-76.391828612364,-38.83426036236399
1722928952485857,0.007964200000000001,-146.44960380392382,13513.0,613184.5702926324,-146.44960380392382,-38.829369203923804
1722929452497879,0.00795675,-221.31423273432543,22970.0,613545.1319084163,-221.31423273432543,-38.54768523432543
1722929952487055,0.00801895,-157.44903385520792,14970.0,613800.6879419263,-157.44903385520792,-37.40535235520791
1722930452517285,0.008058349999999999,-141.4026919765948,12970.0,614025.4823942246,-141.4026919765948,-36.88589247659482
1722930952464999,0.008014750000000001,-133.33188780273372,11970.0,614274.2263823847,-133.33188780273372,-37.39533030273371
1722931453479312,0.00798255,-141.26747604776526,12970.0,614553.6109088713,-141.26747604776526,-37.733802547765265
1722931953492757,0.00798195,-172.11219458688086,16831.0,614922.1399456669,-172.11219458688086,-37.76799413688087
1722932453461682,0.00792035,-229.1001015154526,24012.0,615296.423573552,-229.1001015154526,-38.916657315452596
1722932953451133,0.00786255,-237.26290586260734,25049.0,615651.4218445352,-237.26290586260734,-40.31389091260735
1722933453471016,0.00772745,-236.97666452907063,25049.0,616633.0202123931,-236.97666452907063,-43.411769479070614
1722933953472076,0.007766749999999999,-174.90825658224955,17049.0,617098.5026143114,-174.90825658224955,-42.49293583224957
1722934453483176,0.0078202,-89.12254667877258,6049.0,618098.6947917448,-89.12254667877258,-41.818156878772584
1722934953463905,0.007713299999999999,-52.89337187890126,1407.0,618404.7262102615,-52.89337187890126,-42.040758778901264
1722935453470167,0.0077502000000000005,-229.38603754625413,24315.0,619121.8623093042,-229.38603754625413,-40.939924546254105
1722935953454234,0.0077252499999999995,-229.36306457703856,24315.0,619416.0402481692,-229.36306457703856,-41.52361082703857
1722936453486755,0.0077370500000000005,-213.89403301503256,22315.0,619586.3819466749,-213.89403301503256,-41.24176226503255
1722936953476629,0.00775285,-182.53338135962682,18315.0,620347.6893419891,-182.53338135962682,-40.539933609626814
1722937453455978,0.00776665,-136.1377782636402,12315.0,620719.7876425174,-136.1377782636402,-40.491483513640205
1722937953456938,0.00769705,-143.6669521776665,13315.0,621175.4781911863,-143.6669521776665,-41.1807314276665
1722938453496245,0.00777905,-58.27380490321907,2315.0,621509.3780161836,-58.27380490321907,-40.26530415321908
1722938953497534,0.00774385,-104.5510308685371,8315.0,621958.3991491288,-104.5510308685371,-40.1609181185371
1722939453466873,0.00769785,-96.4761682352422,7315.0,622352.450135373,-96.4761682352422,-40.1663954852422
1722939953459095,0.00766325,-203.65362778792814,21315.0,622888.5893268904,-203.65362778792814,-40.311454037928144
1722940453497057,0.007702550000000001,-162.14370719944327,15939.0,623433.6412791989,-162.14370719944327,-39.372762749443254
1722940953484133,0.00769415,-92.61580433102318,6939.0,623826.8503912776,-92.61580433102318,-39.22609748102318
1722941453473461,0.007674449999999999,-115.47638144526015,9939.0,624263.7734855614,-115.47638144526015,-39.20002289526015
1722941953467225,0.00768865,-130.72214178642125,11939.0,624509.2678351556,-130.72214178642125,-38.92734943642125
1722942453480070,0.00765445,-153.443011094166,14939.0,625129.7950149416,-153.443011094166,-39.093182544166
1722942953495865,0.00767595,-207.22001172152113,21939.0,625444.4238599474,-207.22001172152113,-38.81734467152114
1722943453460511,0.00764235,-146.20536983411031,13939.0,625765.5244723986,-146.20536983411031,-39.67865318411032
1722943953468729,0.00764305,-153.74496168395058,14939.0,626154.179489171,-153.74496168395058,-39.565437733950574
1722944453452179,0.00767275,-145.75341824600397,13939.0,626606.628729334,-145.75341824600397,-38.80295599600397
1722944953500086,0.0076957499999999995,-81.61397228981218,5589.0,627034.9558146456,-81.61397228981218,-38.60242553981219
1722945453460915,0.00766135,18.237181210338797,-7411.0,627334.2208478389,18.237181210338797,-38.5410836396612
1722945953499822,0.0076228500000000005,-4.7280658087775915,-4411.0,627678.301166575,-4.7280658087775915,-38.3524571587776
1722946453460245,0.00764295,33.4050098324506,-9411.0,627883.9648114307,33.4050098324506,-38.5227926175494
1722946953468927,0.0077176499999999995,68.98518944680197,-14065.0,628415.684207785,68.98518944680197,-39.56355780319802
1722947453497955,0.00773015,125.852199640928,-21417.0,628868.5533520696,125.852199640928,-39.70442290907198
1722947953449864,0.00763165,133.68211405809495,-22417.0,629366.4348986822,133.68211405809495,-37.39658399190506
1722948453483038,0.007611049999999999,98.26285511529032,-17749.0,629752.2837070634,98.26285511529032,-36.82567133470967
1722948953458987,0.00754215,60.580096519284126,-12749.0,630108.9283212251,60.580096519284126,-35.57477383071587
1722949453479474,0.00756055,15.373125852884627,-6749.0,630639.0358566777,15.373125852884627,-35.65302609711537
1722949953491687,0.00760835,22.093201509028116,-7614.0,630842.6813605181,22.093201509028116,-35.83677539097188
1722950453494758,0.00756425,22.273057354900942,-7614.0,631055.1492237448,22.273057354900942,-35.32114214509905
1722950953487861,0.0077179,69.72457696862149,-13614.0,632271.0055222057,69.72457696862149,-35.3469136313785
1722951453485061,0.007596250000000001,-7.293140373445186,-3436.0,634367.2298224319,-7.293140373445186,-33.393855373445184
1722951953453459,0.007492749999999999,-67.39586056938586,4514.0,635588.4542543377,-67.39586056938586,-33.573587069385866
1722952453496696,0.007555350000000001,-28.889641277522394,-486.0,636830.4796182807,-28.889641277522394,-32.561541377522396
1722952953457126,0.00763125,44.7336530745713,-10157.0,637771.139345342,44.7336530745713,-32.776953175428694
1722953453456268,0.00784915,90.55909499876732,-16157.0,640412.8607919365,90.55909499876732,-36.25962155123267
1722953953482449,0.00793035,141.14272496262842,-22442.0,643185.2986523327,141.14272496262842,-36.83018973737157
1722954453459375,0.00793085,141.13741165015864,-22442.0,645061.5142365665,141.13741165015864,-36.846724049841356
1722954953489780,0.00788235,-39.43721084596277,558.0,646393.3311021939,-39.43721084596277,-35.038859545962765
1722955453491417,0.00791525,16.01503704567107,-6442.0,647159.0289077973,16.01503704567107,-34.97500345432893
1722955953481796,0.00792675,53.31986380071933,-11110.0,648075.0987419902,53.31986380071933,-34.74632869928067
1722956453485485,0.00786725,6.863008896310664,-5178.0,648706.4588768276,6.863008896310664,-33.873611603689326
1722956953482928,0.007916099999999999,2.0141815830358194,-4541.0,649514.6039739745,2.0141815830358194,-33.93282851696417
1722957453506924,0.007814749999999999,-18.50714571979922,-1906.0,650349.0963326743,-18.50714571979922,-33.40205921979921
1722957953464661,0.00783445,-78.2552565627835,5734.0,651144.4690801424,-78.2552565627835,-33.332520262783504
1722958453490049,0.00776465,-70.27475697429796,4734.0,651913.5153180074,-70.27475697429796,-33.51690387429796
1722958953464948,0.00781205,-0.040847639126102564,-4266.0,652466.2554080012,-0.040847639126102564,-33.3670529391261
1722959453481816,0.00781895,-112.16393884520342,10092.0,652885.2150507072,-112.16393884520342,-33.25509544520342
1722959953478364,0.00787465,76.62873056525882,-13908.0,653324.9419289487,76.62873056525882,-32.89190163474119
1722960453481164,0.00785575,124.11763154967913,-19908.0,654111.514528365,124.11763154967913,-32.27463945032086
1722960953450496,0.00795595,118.36041105460015,-19179.0,654978.6235404685,118.36041105460015,-34.22675399539986
1722961453483619,0.00788985,99.92242780300649,-16822.0,655722.5967024119,99.92242780300649,-32.800628896993516
1722961953480780,0.00784865,26.67813796571936,-7474.0,656277.7908958511,26.67813796571936,-31.982672134280648
1722962453450729,0.00793465,42.63000133560274,-9474.0,656561.7747683318,42.63000133560274,-32.54287276439726
1722962953501599,0.00802965,114.93181523532141,-18474.0,657288.8770364542,114.93181523532141,-33.407938864678584
1722963453483683,0.008030849999999999,128.68366766764467,-20215.0,658153.8259092823,128.68366766764467,-33.65996508235531
1722963953451954,0.00803245,115.90688552429411,-18591.0,658744.5264140824,115.90688552429411,-33.424392425705875
1722964453469750,0.008027349999999999,148.0468930162432,-22591.0,659034.1955889307,148.0468930162432,-33.29897083375678
1722964953498993,0.008002849999999999,132.16009159249597,-20591.0,659513.7021369241,132.16009159249597,-32.626592757504
1722965453494170,0.00798245,60.53129044914096,-11591.0,659808.5521929566,60.53129044914096,-31.993287500859047
1722965953467529,0.00789445,5.09587872648313,-4582.0,660149.3934789032,5.09587872648313,-31.076491173516878
1722966453463004,0.00788285,5.140587088462611,-4582.0,660370.3129935067,5.140587088462611,-30.978631611537395
1722966953459297,0.00789695,81.25392771108659,-14216.0,660525.4792400041,81.25392771108659,-31.009113488913414
1722967453470746,0.00787785,73.55475790709818,-13216.0,660769.2023584095,73.55475790709818,-30.558907692901826
1722967953481072,0.00790465,49.959561908469624,-10216.0,660981.9380034973,49.959561908469624,-30.794342491530372
1722968453447332,0.007885,113.42983543046122,-18216.0,661219.5232879362,113.42983543046122,-30.20332456953878
1722968953460914,0.00789345,89.76893005022048,-15216.0,661401.0542085002,89.76893005022048,-30.337805149779527
1722969453493102,0.00795415,121.71144607593762,-19216.0,661718.0969010865,121.71144607593762,-31.13550032406239
1722969953492194,0.00794125,113.82186021839308,-18216.0,661868.5988918323,113.82186021839308,-30.835949781606928
1722970453459883,0.00794375,58.03134438062821,-11216.0,662099.7534845707,58.03134438062821,-31.065755619371785
1722970953488710,0.00788835,18.492245320214803,-6216.0,662297.5642097278,18.492245320214803,-30.541738279785204
1722971453477511,0.00784565,-83.40382713852425,6784.0,662588.1289203782,-83.40382713852425,-30.178937538524252
1722971953400037,0.00786015,-101.80032240859867,9144.0,662804.8001662715,-101.80032240859867,-29.92711080859867
1722972453453676,0.00792545,-62.30497279158724,4144.0,663049.3061979065,-62.30497279158724,-29.46190799158724
1722972953500876,0.00788125,-125.59270948963017,12144.0,663302.3321750669,-125.59270948963017,-29.882809489630176
1722973453478460,0.00791825,-127.26636513277667,12350.0,663446.5713586378,-127.26636513277667,-29.475977632776676
1722973953489286,0.00789145,-182.50201388185388,19350.0,663691.646327756,-182.50201388185388,-29.802456381853887
1722974453449933,0.00788125,-127.32124859543826,12350.0,663904.2516692304,-127.32124859543826,-29.987811095438275
1722974953469673,0.00785775,-72.44236315729621,5350.0,664209.6211612365,-72.44236315729621,-30.40340065729621
1722975453461190,0.007839249999999999,-93.29024675064827,8016.0,664741.1804735408,-93.29024675064827,-30.450818750648274
1722975953468903,0.007861449999999999,-69.99245627072973,5016.0,665206.5230533221,-69.99245627072973,-30.559423070729736
1722976453487740,0.00791595,1.006386487827979,-3984.0,665403.7319267321,1.006386487827979,-30.530758312172022
1722976953500547,0.00793425,-25.944408828339807,-610.0,665647.1939321951,-25.944408828339807,-30.784301328339808
1722977453467767,0.00785065,-65.25187137575367,4390.0,665906.4310771342,-65.25187137575367,-30.787517875753664
1722977953474975,0.00787505,-88.80457701444482,7381.0,666087.1808239601,-88.80457701444482,-30.678832964444815
1722978453454092,0.00787025,-120.4082096270629,11381.0,666355.6732511309,-120.4082096270629,-30.83689437706289
1722978953484277,0.00785575,-112.45328422597875,10381.0,666678.1004475455,-112.45328422597875,-30.902743475978752
1722979453478044,0.00789655,-73.10077640059447,5381.0,666969.2960085387,-73.10077640059447,-30.609440850594467
1722979953452025,0.007903750000000001,-167.93013718170505,17381.0,667127.4847334513,-167.93013718170505,-30.55505843170502
1722980454455849,0.00789135,-207.40596600035974,22381.0,667230.3728751686,-207.40596600035974,-30.789661650359733
1722980954451938,0.00789275,-215.27986238519532,23381.0,667254.0138493684,-215.27986238519532,-30.739474635195307
1722981454496307,0.00791845,-199.49561585276584,21381.0,667333.0236830224,-199.49561585276584,-30.19123640276584
1722981954498162,0.00798095,-223.36943190437248,24381.0,667738.7397444036,-223.36943190437248,-28.785889954372465
1722982454493472,0.00802205,-55.02495255400703,3381.0,668291.279664983,-55.02495255400703,-27.90240150400703
1722982954469710,0.00804075,-30.96922348609423,381.0,668717.4206849932,-30.96922348609423,-27.90569773609423
1722983454476337,0.00778915,-186.25353621000593,20015.0,669812.066066617,-186.25353621000593,-30.353698960005943
1722983954488324,0.00782085,-193.8787459087143,21015.0,670879.2527803003,-193.8787459087143,-29.523583158714302
1722984454490810,0.00783545,-186.17663071222586,20015.0,671058.7168247345,-186.17663071222586,-29.350098962225843
1722984954499072,0.00781725,-162.7670555692122,17015.0,671222.8381175139,-162.7670555692122,-29.75654681921222
1722985454982772,0.0077842499999999995,-217.34466168224864,24015.0,671324.0458162766,-217.34466168224864,-30.40589793224865
1722985954990330,0.007816449999999999,-217.3069914655841,24015.0,671543.1344879508,-217.3069914655841,-29.59494471558412
1722986454980245,0.007788949999999999,-217.2797435778682,24015.0,671730.173133403,-217.2797435778682,-30.228109327868225
1722986954991726,0.00774175,-224.92657056468403,25015.0,671954.9267815388,-224.92657056468403,-31.26669431468403
1722987454961376,0.00773435,-209.42458418007814,23015.0,672171.6497581628,-209.42458418007814,-31.418518930078136
1722987954989943,0.00769625,-224.84004006100838,25015.0,672372.0780377422,-224.84004006100838,-32.31834631100838
1722988454964994,0.00770235,-217.07800283697497,24015.0,672518.5564693542,-217.07800283697497,-32.10606758697497
1722988799947411,0.00773575,-217.05344482544163,24015.0,672626.7187071018,-217.05344482544163,-31.279408575441636
